segmento_id,trecho,estacao_m,dist_eixo_p4_m,idacidente,data,hora,dia_sem,latitude,longitude,log1,log2,tipo_acid,feridos,feridos_gr,fatais,moto,bicicleta,onibus
P4-S02,Av. Fabio Araujo Santos -> Av. Otto Niemeyer,634.5,0.9,669386,2020-01-11 00:00:00,14:10:00.0000000,SÁBADO,-30.100344553869576,-51.22503295540811,AV VICENTE MONTEGGIA,,ABALROAMENTO,1,0,0,1,0,0
P4-S03,Av. Otto Niemeyer -> Estr. Aracaju,1075.4,1.2,669440,2020-01-10 00:00:00,09:15:00.0000000,SEXTA-FEIRA,-30.103792769868264,-51.22309237718582,AV VICENTE MONTEGGIA,,ABALROAMENTO,0,0,0,0,0,0
P4-S03,Av. Otto Niemeyer -> Estr. Aracaju,1051.2,2.4,669457,2020-01-13 00:00:00,13:30:00.0000000,SEGUNDA-FEIRA,-30.10358045048825,-51.223147362470634,AV VICENTE MONTEGGIA,,COLISÃO,1,0,0,1,0,0
P4-S04,Estr. Aracaju -> Rua Amapa,1238.2,0.8,669723,2020-01-22 00:00:00,15:00:00.0000000,QUARTA-FEIRA,-30.10521750232251,-51.222700774669654,AV VICENTE MONTEGGIA,,ABALROAMENTO,1,1,0,1,0,0
P4-S05,Rua Amapa -> Estr. Joao Vedana,1492.3,3.6,669833,2020-01-24 00:00:00,15:00:00.0000000,SEXTA-FEIRA,-30.1073679121808,-51.22192345662394,AV VICENTE MONTEGGIA,,ATROPELAMENTO,1,0,0,0,0,0
P4-S02,Av. Fabio Araujo Santos -> Av. Otto Niemeyer,626.2,1.5,670086,2020-02-01 00:00:00,14:55:00.0000000,SÁBADO,-30.100276098834804,-51.2250678241253,AV VICENTE MONTEGGIA,,COLISÃO,0,0,0,0,0,0
P4-S06,Estr. Joao Vedana -> Estr. Joao Passuelo,2340.3,7.5,671024,2020-03-02 00:00:00,20:23:00.0000000,SEGUNDA-FEIRA,-30.11239627472066,-51.2158516276403,AV VICENTE MONTEGGIA,,ATROPELAMENTO,1,1,0,0,0,0
P4-S06,Estr. Joao Vedana -> Estr. Joao Passuelo,1942.9,6.3,671515,2020-03-14 00:00:00,23:00:00.0000000,SÁBADO,-30.11046064718624,-51.218918833344645,AV VICENTE MONTEGGIA,,ABALROAMENTO,1,1,0,1,0,0
P4-S02,Av. Fabio Araujo Santos -> Av. Otto Niemeyer,668.1,26.8,671760,2020-03-17 00:00:00,07:20:00.0000000,TERÇA-FEIRA,-30.10072743708826,-51.22508168209607,AV OTTO NIEMEYER,AV VICENTE MONTEGGIA,ABALROAMENTO,0,0,0,0,0,0
P4-S03,Av. Otto Niemeyer -> Estr. Aracaju,1024.8,5.2,672360,2020-05-06 00:00:00,16:00:00.0000000,QUARTA-FEIRA,-30.103334811900684,-51.22312463461003,AV VICENTE MONTEGGIA,,ABALROAMENTO,1,0,0,1,0,0
P4-S06,Estr. Joao Vedana -> Estr. Joao Passuelo,2361.5,4.0,672642,2020-05-17 00:00:00,18:00:00.0000000,DOMINGO,-30.11250093491208,-51.21563182059024,AV VICENTE MONTEGGIA,,ABALROAMENTO,0,0,0,0,0,0
P4-S07,Estr. Joao Passuelo -> Av. Joao Salomoni / Av. Rodrigues da Fonseca,2805.5,0.3,673296,2020-06-23 00:00:00,17:00:00.0000000,TERÇA-FEIRA,-30.114705139648375,-51.21243998408318,AV VICENTE MONTEGGIA,,ABALROAMENTO,1,0,0,1,0,0
P4-S02,Av. Fabio Araujo Santos -> Av. Otto Niemeyer,321.7,1.7,673432,2020-06-24 00:00:00,10:50:00.0000000,QUARTA-FEIRA,-30.097750190927623,-51.224775463342674,AV VICENTE MONTEGGIA,,COLISÃO,0,0,0,0,0,0
P4-S04,Estr. Aracaju -> Rua Amapa,1246.8,0.2,673686,2020-07-09 00:00:00,06:40:00.0000000,QUINTA-FEIRA,-30.105294075309253,-51.222684681415565,AV VICENTE MONTEGGIA,,ABALROAMENTO,1,1,0,1,0,0
P4-S02,Av. Fabio Araujo Santos -> Av. Otto Niemeyer,659.2,2.9,673714,2020-07-10 00:00:00,23:30:00.0000000,SEXTA-FEIRA,-30.100544117429234,-51.224921643733985,AV VICENTE MONTEGGIA,,ABALROAMENTO,0,0,0,0,0,0
P4-S05,Rua Amapa -> Estr. Joao Vedana,1753.1,2.4,673927,2020-07-24 00:00:00,11:20:00.0000000,SEXTA-FEIRA,-30.10907357286917,-51.2200603994672,AV VICENTE MONTEGGIA,,ABALROAMENTO,1,0,0,1,0,0
P4-S03,Av. Otto Niemeyer -> Estr. Aracaju,1053.8,1.8,674089,2020-07-28 00:00:00,19:46:00.0000000,TERÇA-FEIRA,-30.1036024945981,-51.223136633634574,AV VICENTE MONTEGGIA,,COLISÃO,0,0,0,0,0,0
P4-S06,Estr. Joao Vedana -> Estr. Joao Passuelo,2063.4,7.6,674121,2020-07-29 00:00:00,08:10:00.0000000,QUARTA-FEIRA,-30.111310907253717,-51.218164767983694,AV VICENTE MONTEGGIA,,COLISÃO,0,0,0,0,0,0
P4-S06,Estr. Joao Vedana -> Estr. Joao Passuelo,2063.4,7.6,674338,2020-08-10 00:00:00,20:30:00.0000000,SEGUNDA-FEIRA,-30.111310907253717,-51.218164767983694,AV VICENTE MONTEGGIA,,ABALROAMENTO,1,0,0,1,0,0
P4-S02,Av. Fabio Araujo Santos -> Av. Otto Niemeyer,317.8,4.9,674400,2020-08-17 00:00:00,22:30:00.0000000,SEGUNDA-FEIRA,-30.09774585711461,-51.2246964476454,AV VICENTE MONTEGGIA,,ABALROAMENTO,1,0,0,1,0,0
P4-S04,Estr. Aracaju -> Rua Amapa,1408.3,3.8,674423,2020-08-08 00:00:00,11:20:00.0000000,SÁBADO,-30.10670950468155,-51.222306489944465,AV VICENTE MONTEGGIA,,COLISÃO,0,0,0,0,0,0
P4-S04,Estr. Aracaju -> Rua Amapa,1422.0,3.8,674424,2020-08-08 00:00:00,12:00:00.0000000,SÁBADO,-30.106829003118488,-51.22227162122727,AV VICENTE MONTEGGIA,,ABALROAMENTO,0,0,0,0,0,0
P4-S07,Estr. Joao Passuelo -> Av. Joao Salomoni / Av. Rodrigues da Fonseca,2828.3,1.1,674946,2020-08-26 00:00:00,08:20:00.0000000,QUARTA-FEIRA,-30.11490351412307,-51.212382316589355,AV VICENTE MONTEGGIA,,CAPOTAGEM,0,0,0,0,0,0
P4-S06,Estr. Joao Vedana -> Estr. Joao Passuelo,2039.4,4.1,674990,2020-09-04 00:00:00,12:40:00.0000000,SEXTA-FEIRA,-30.111231671242304,-51.2184271860184,AV VICENTE MONTEGGIA,,ABALROAMENTO,1,0,0,1,0,0
P4-S05,Rua Amapa -> Estr. Joao Vedana,1888.0,2.7,675117,2020-09-03 00:00:00,07:45:00.0000000,QUINTA-FEIRA,-30.110083249654505,-51.219283640384674,AV VICENTE MONTEGGIA,,COLISÃO,0,0,0,0,0,0
P4-S05,Rua Amapa -> Estr. Joao Vedana,1500.2,2.0,675243,2020-09-16 00:00:00,10:00:00.0000000,QUARTA-FEIRA,-30.107454337242324,-51.22190952301026,AV VICENTE MONTEGGIA,,COLISÃO,0,0,0,0,0,0
P4-S04,Estr. Aracaju -> Rua Amapa,1426.4,3.4,675358,2020-09-17 00:00:00,10:15:00.0000000,QUINTA-FEIRA,-30.106866128817053,-51.22225686907769,AV VICENTE MONTEGGIA,,ABALROAMENTO,0,0,0,0,0,0
P4-S04,Estr. Aracaju -> Rua Amapa,1458.9,6.9,675367,2020-09-21 00:00:00,18:30:00.0000000,SEGUNDA-FEIRA,-30.107165997529115,-51.22220080531616,AV VICENTE MONTEGGIA,,COLISÃO,1,0,0,1,0,0
P4-S03,Av. Otto Niemeyer -> Estr. Aracaju,689.1,0.0,675389,2020-09-22 00:00:00,21:00:00.0000000,TERÇA-FEIRA,-30.100758606511892,-51.224732893276865,AV VICENTE MONTEGGIA,,ABALROAMENTO,1,0,0,0,1,0
P4-S06,Estr. Joao Vedana -> Estr. Joao Passuelo,1986.8,3.1,675681,2020-09-25 00:00:00,09:25:00.0000000,SEXTA-FEIRA,-30.11080891461426,-51.21868953108788,AV VICENTE MONTEGGIA,,COLISÃO,0,0,0,0,0,0
P4-S06,Estr. Joao Vedana -> Estr. Joao Passuelo,2009.7,2.5,676177,2020-10-14 00:00:00,17:30:00.0000000,QUARTA-FEIRA,-30.110983514260734,-51.21856346726419,AV VICENTE MONTEGGIA,,ABALROAMENTO,0,0,0,0,0,0
P4-S02,Av. Fabio Araujo Santos -> Av. Otto Niemeyer,438.6,0.7,676943,2020-11-04 00:00:00,21:10:00.0000000,QUARTA-FEIRA,-30.098648247344215,-51.225403100252166,AV VICENTE MONTEGGIA,,COLISÃO,0,0,0,0,0,0
P4-S03,Av. Otto Niemeyer -> Estr. Aracaju,1009.1,7.2,677005,2020-11-13 00:00:00,08:00:00.0000000,SEXTA-FEIRA,-30.103219352790138,-51.22328451442174,AV VICENTE MONTEGGIA,,ATROPELAMENTO,2,0,0,1,0,0
P4-S02,Av. Fabio Araujo Santos -> Av. Otto Niemeyer,667.0,27.5,677047,2020-11-16 00:00:00,20:10:00.0000000,SEGUNDA-FEIRA,-30.10072253824722,-51.225093901175576,AV OTTO NIEMEYER,AV VICENTE MONTEGGIA,COLISÃO,0,0,0,0,0,0
P4-S01,Av. da Cavalhada / Av. Nonoai / R. Dr. Campos Velho -> Av. Fabio Araujo Santos,126.7,6.7,677128,2020-11-11 00:00:00,20:15:00.0000000,QUARTA-FEIRA,-30.09614408654209,-51.2251738629364,AV VICENTE MONTEGGIA,,COLISÃO,0,0,0,0,0,0
P4-S06,Estr. Joao Vedana -> Estr. Joao Passuelo,2063.7,4.4,677288,2020-11-27 00:00:00,21:00:00.0000000,SEXTA-FEIRA,-30.111389011809397,-51.21825102855365,AV VICENTE MONTEGGIA,,ABALROAMENTO,1,0,0,1,0,0
P4-S07,Estr. Joao Passuelo -> Av. Joao Salomoni / Av. Rodrigues da Fonseca,2849.4,6.1,677840,2020-12-21 00:00:00,19:30:00.0000000,SEGUNDA-FEIRA,-30.115090058245723,-51.21245094062686,AV VICENTE MONTEGGIA ,,ABALROAMENTO,1,1,0,1,0,0
P4-S01,Av. da Cavalhada / Av. Nonoai / R. Dr. Campos Velho -> Av. Fabio Araujo Santos,9.3,5.3,677962,2020-12-13 00:00:00,19:00:00.0000000,DOMINGO,-30.09519521060658,-51.22571289539338,AV NONOAI ,R DR CAMPOS VELHO,COLISÃO,0,0,0,1,0,0
P4-S03,Av. Otto Niemeyer -> Estr. Aracaju,695.1,24.1,677984,2020-12-25 00:00:00,07:20:00.0000000,SEXTA-FEIRA,-30.100917717893694,-51.22491359710694,AV VICENTE MONTEGGIA ,AV OTTO NIEMEYER,ABALROAMENTO,1,0,0,0,0,0
P4-S06,Estr. Joao Vedana -> Estr. Joao Passuelo,2578.8,5.9,677996,2020-12-17 00:00:00,11:00:00.0000000,QUINTA-FEIRA,-30.112989076141393,-51.21356839512966,AV VICENTE MONTEGGIA ,,COLISÃO,0,0,0,0,0,0
P4-S05,Rua Amapa -> Estr. Joao Vedana,1481.3,16.3,678250,2020-12-21 00:00:00,13:30:00.0000000,SEGUNDA-FEIRA,-30.107217662083915,-51.22190684080124,AV VICENTE MONTEGGIA ,R AMAPA,ABALROAMENTO,0,0,0,0,0,0
P4-S03,Av. Otto Niemeyer -> Estr. Aracaju,1064.6,6.6,678516,2021-01-10 00:00:00,15:45:00.0000000,DOMINGO,-30.103685756392956,-51.22303049085255,AV VICENTE MONTEGGIA ,,COLISÃO,0,0,0,0,0,0
P4-S03,Av. Otto Niemeyer -> Estr. Aracaju,1008.0,10.2,679016,2021-01-27 00:00:00,14:05:00.0000000,QUARTA-FEIRA,-30.10321498163464,-51.22331768274308,AV VICENTE MONTEGGIA ,,ABALROAMENTO,0,0,0,0,0,0
P4-S07,Estr. Joao Passuelo -> Av. Joao Salomoni / Av. Rodrigues da Fonseca,2723.6,4.9,679100,2021-01-31 00:00:00,18:30:00.0000000,DOMINGO,-30.11399250824566,-51.21266294069401,AV VICENTE MONTEGGIA ,,ABALROAMENTO,1,0,0,1,0,0
P4-S03,Av. Otto Niemeyer -> Estr. Aracaju,1074.4,7.5,679282,2021-01-14 00:00:00,13:30:00.0000000,QUINTA-FEIRA,-30.103793930082198,-51.22315809130669,AV VICENTE MONTEGGIA ,,COLISÃO,0,0,0,0,0,0
P4-S01,Av. da Cavalhada / Av. Nonoai / R. Dr. Campos Velho -> Av. Fabio Araujo Santos,16.4,30.2,679546,2021-02-17 00:00:00,23:40:00.0000000,QUARTA-FEIRA,-30.095101200373275,-51.225454432886735,AV NONOAI ,,COLISÃO,2,1,0,2,0,0
P4-S01,Av. da Cavalhada / Av. Nonoai / R. Dr. Campos Velho -> Av. Fabio Araujo Santos,0.0,13.5,679615,2021-02-15 00:00:00,16:30:00.0000000,SEGUNDA-FEIRA,-30.095134874215038,-51.22595429420472,R DR CAMPOS VELHO ,AV NONOAI,ABALROAMENTO,0,0,0,0,0,0
P4-S04,Estr. Aracaju -> Rua Amapa,1471.7,0.6,679659,2021-02-18 00:00:00,11:50:00.0000000,QUINTA-FEIRA,-30.10724782659642,-51.222086548805244,AV VICENTE MONTEGGIA ,R AMAPA,ABALROAMENTO,0,0,0,0,0,0
P4-S03,Av. Otto Niemeyer -> Estr. Aracaju,988.6,4.2,679740,2021-01-16 00:00:00,12:30:00.0000000,SÁBADO,-30.10301821954649,-51.223211967006065,AV VICENTE MONTEGGIA ,,ABALROAMENTO,1,0,0,1,0,0
P4-S03,Av. Otto Niemeyer -> Estr. Aracaju,693.3,7.3,679839,2021-02-25 00:00:00,11:05:00.0000000,QUINTA-FEIRA,-30.10082489803437,-51.22477412223816,AV VICENTE MONTEGGIA ,AV OTTO NIEMEYER,ABALROAMENTO,0,0,0,0,0,0
P4-S02,Av. Fabio Araujo Santos -> Av. Otto Niemeyer,652.3,14.5,679965,2020-11-22 00:00:00,19:11:00.0000000,DOMINGO,-30.100402804867578,-51.22481219921973,R EDY MARIA MUSSOI ,,ATROPELAMENTO,1,0,0,0,0,0
P4-S05,Rua Amapa -> Estr. Joao Vedana,1475.3,3.1,680659,2021-03-22 00:00:00,11:20:00.0000000,SEGUNDA-FEIRA,-30.107263842542192,-51.222036891284,AV VICENTE MONTEGGIA ,,COLISÃO,0,0,0,1,0,0
P4-S06,Estr. Joao Vedana -> Estr. Joao Passuelo,2256.5,5.3,681233,2021-04-26 00:00:00,19:30:00.0000000,SEGUNDA-FEIRA,-30.11252992231849,-51.21672603871927,AV VICENTE MONTEGGIA ,,ABALROAMENTO,1,0,0,1,0,0
P4-S01,Av. da Cavalhada / Av. Nonoai / R. Dr. Campos Velho -> Av. Fabio Araujo Santos,10.0,5.3,681673,2021-04-29 00:00:00,12:10:00.0000000,QUINTA-FEIRA,-30.095199851865946,-51.22570753097535,AV CAVALHADA ,R DR CAMPOS VELHO,COLISÃO,0,0,0,0,0,0
P4-S04,Estr. Aracaju -> Rua Amapa,1461.4,7.2,681758,2021-05-07 00:00:00,10:00:00.0000000,SEXTA-FEIRA,-30.10718750685145,-51.22219335517771,AV VICENTE MONTEGGIA ,,COLISÃO,1,0,0,1,0,0
P4-S01,Av. da Cavalhada / Av. Nonoai / R. Dr. Campos Velho -> Av. Fabio Araujo Santos,5.4,30.4,681960,2021-05-09 00:00:00,10:30:00.0000000,DOMINGO,-30.095407547999322,-51.22599452733994,AV CAVALHADA ,,COLISÃO,0,0,0,0,0,0
P4-S02,Av. Fabio Araujo Santos -> Av. Otto Niemeyer,516.3,4.3,682004,2021-05-04 00:00:00,11:50:00.0000000,TERÇA-FEIRA,-30.0993321082581,-51.22533408712747,AV VICENTE MONTEGGIA ,,ATROPELAMENTO,1,0,0,0,0,0
P4-S01,Av. da Cavalhada / Av. Nonoai / R. Dr. Campos Velho -> Av. Fabio Araujo Santos,13.1,0.4,682008,2021-05-12 00:00:00,09:15:00.0000000,QUARTA-FEIRA,-30.09525074668664,-51.225718237038826,AV VICENTE MONTEGGIA ,,ATROPELAMENTO,1,1,0,0,0,0
P4-S04,Estr. Aracaju -> Rua Amapa,1461.4,7.2,682108,2021-05-07 00:00:00,10:00:00.0000000,SEXTA-FEIRA,-30.10718750685145,-51.22219335517771,AV VICENTE MONTEGGIA ,,COLISÃO,1,0,0,1,0,0
P4-S06,Estr. Joao Vedana -> Estr. Joao Passuelo,2623.6,8.7,682178,2021-05-12 00:00:00,09:15:00.0000000,QUARTA-FEIRA,-30.113165091378747,-51.21311058515368,AV VICENTE MONTEGGIA ,ESTR JOAO PASSUELO,ATROPELAMENTO,0,0,0,0,0,0
P4-S04,Estr. Aracaju -> Rua Amapa,1395.3,8.9,682375,2021-05-15 00:00:00,17:20:00.0000000,SÁBADO,-30.106607585427184,-51.22239099969298,AV VICENTE MONTEGGIA ,,NAO CADASTRADO,1,0,0,0,0,0
P4-S01,Av. da Cavalhada / Av. Nonoai / R. Dr. Campos Velho -> Av. Fabio Araujo Santos,15.7,2.8,682635,2021-05-27 00:00:00,12:30:00.0000000,QUINTA-FEIRA,-30.09525090570453,-51.2256807088852,AV VICENTE MONTEGGIA ,AV CAVALHADA,ABALROAMENTO,0,0,0,0,0,0
P4-S07,Estr. Joao Passuelo -> Av. Joao Salomoni / Av. Rodrigues da Fonseca,2741.3,5.3,683502,2021-06-06 00:00:00,17:15:00.0000000,DOMINGO,-30.114141650794835,-51.21260009681672,AV VICENTE MONTEGGIA ,,NAO CADASTRADO,1,0,0,0,0,0
P4-S04,Estr. Aracaju -> Rua Amapa,1447.6,6.9,683625,2020-12-07 00:00:00,09:30:00.0000000,SEGUNDA-FEIRA,-30.107058450013543,-51.222238052845874,AV VICENTE MONTEGGIA ,,COLISÃO,1,1,0,1,0,0
P4-S03,Av. Otto Niemeyer -> Estr. Aracaju,1064.6,6.6,683689,2021-06-23 00:00:00,18:15:00.0000000,QUARTA-FEIRA,-30.103685756392956,-51.22303049085255,AV VICENTE MONTEGGIA ,,NAO CADASTRADO,2,0,0,1,0,0
P4-S03,Av. Otto Niemeyer -> Estr. Aracaju,1067.4,5.5,683933,2021-06-23 00:00:00,18:45:00.0000000,QUARTA-FEIRA,-30.103728861202455,-51.223150324332934,AV VICENTE MONTEGGIA ,PSG VICENTE MONTEGGIA-VICENTE P SOUZA,ABALROAMENTO,0,0,0,1,0,0
P4-S01,Av. da Cavalhada / Av. Nonoai / R. Dr. Campos Velho -> Av. Fabio Araujo Santos,3.5,6.2,684431,2021-06-22 00:00:00,06:50:00.0000000,TERÇA-FEIRA,-30.095153439262507,-51.22575044631959,AV CAVALHADA ,R DR CAMPOS VELHO,ABALROAMENTO,0,0,0,0,0,0
P4-S02,Av. Fabio Araujo Santos -> Av. Otto Niemeyer,296.5,3.1,684435,2021-07-11 00:00:00,15:50:00.0000000,DOMINGO,-30.09755916097884,-51.2246173401569,AV VICENTE MONTEGGIA ,,COLISÃO,0,0,0,0,0,0
P4-S06,Estr. Joao Vedana -> Estr. Joao Passuelo,2001.4,8.5,684658,2021-07-19 00:00:00,07:30:00.0000000,SEGUNDA-FEIRA,-30.110891122550967,-51.21855919858689,AV VICENTE MONTEGGIA ,,COLISÃO,1,1,0,1,0,0
P4-S07,Estr. Joao Passuelo -> Av. Joao Salomoni / Av. Rodrigues da Fonseca,2900.8,3.4,684763,2021-07-22 00:00:00,11:30:00.0000000,QUINTA-FEIRA,-30.115550453760484,-51.21250512477582,ESTR JOAO SALOMONI ,,ABALROAMENTO,1,0,0,1,0,0
P4-S07,Estr. Joao Passuelo -> Av. Joao Salomoni / Av. Rodrigues da Fonseca,2652.5,5.0,684870,2021-07-26 00:00:00,14:00:00.0000000,SEGUNDA-FEIRA,-30.11338880651166,-51.21294505868652,ESTR JOAO PASSUELO ,,COLISÃO,0,0,0,0,0,0
P4-S06,Estr. Joao Vedana -> Estr. Joao Passuelo,2057.8,4.4,685053,2021-07-31 00:00:00,11:30:00.0000000,SÁBADO,-30.11135085333883,-51.2182945987202,AV VICENTE MONTEGGIA ,,ABALROAMENTO,1,0,0,1,0,0
P4-S01,Av. da Cavalhada / Av. Nonoai / R. Dr. Campos Velho -> Av. Fabio Araujo Santos,1.2,4.7,685104,2021-08-02 00:00:00,07:18:00.0000000,SEGUNDA-FEIRA,-30.095149276991798,-51.2257786949502,AV CAVALHADA ,,COLISÃO,2,0,0,1,1,0
P4-S01,Av. da Cavalhada / Av. Nonoai / R. Dr. Campos Velho -> Av. Fabio Araujo Santos,1.2,4.7,685106,2021-07-30 00:00:00,02:00:00.0000000,SEXTA-FEIRA,-30.095149276991798,-51.2257786949502,AV CAVALHADA ,R DR CAMPOS VELHO,ABALROAMENTO,0,0,0,0,0,0
P4-S01,Av. da Cavalhada / Av. Nonoai / R. Dr. Campos Velho -> Av. Fabio Araujo Santos,1.2,4.7,685147,2021-08-02 00:00:00,07:40:00.0000000,SEGUNDA-FEIRA,-30.095149276991798,-51.2257786949502,AV CAVALHADA ,,COLISÃO,1,0,0,1,1,0
P4-S03,Av. Otto Niemeyer -> Estr. Aracaju,926.5,9.5,685314,2021-08-05 00:00:00,13:30:00.0000000,QUINTA-FEIRA,-30.102496759679475,-51.223483842763486,AV VICENTE MONTEGGIA ,,NAO CADASTRADO,0,0,0,0,0,0
P4-S03,Av. Otto Niemeyer -> Estr. Aracaju,926.5,9.5,685333,2021-08-05 00:00:00,13:30:00.0000000,QUINTA-FEIRA,-30.102496759679475,-51.223483842763486,AV VICENTE MONTEGGIA ,,COLISÃO,0,0,0,0,0,0
P4-S05,Rua Amapa -> Estr. Joao Vedana,1928.8,7.0,685361,2021-08-05 00:00:00,21:30:00.0000000,QUINTA-FEIRA,-30.11035734130086,-51.21900318813934,AV VICENTE MONTEGGIA ,,ABALROAMENTO,0,0,0,0,0,0
P4-S06,Estr. Joao Vedana -> Estr. Joao Passuelo,2214.6,7.5,685484,2021-08-10 00:00:00,10:30:00.0000000,TERÇA-FEIRA,-30.112272409745618,-51.2170533835888,AV VICENTE MONTEGGIA ,,COLISÃO,0,0,0,0,0,0
P4-S02,Av. Fabio Araujo Santos -> Av. Otto Niemeyer,325.7,5.7,685516,2021-08-04 00:00:00,20:20:00.0000000,QUARTA-FEIRA,-30.097765274629893,-51.22483178973199,AV VICENTE MONTEGGIA ,,COLISÃO,0,0,0,0,0,0
P4-S02,Av. Fabio Araujo Santos -> Av. Otto Niemeyer,579.3,7.3,685653,2021-08-13 00:00:00,10:50:00.0000000,SEXTA-FEIRA,-30.099875809970335,-51.22520193457604,AV VICENTE MONTEGGIA ,,COLISÃO,0,0,0,0,0,0
P4-S07,Estr. Joao Passuelo -> Av. Joao Salomoni / Av. Rodrigues da Fonseca,2653.3,13.6,685942,2021-08-21 00:00:00,23:50:00.0000000,SÁBADO,-30.113361751143294,-51.21285974979401,AV VICENTE MONTEGGIA ,ESTR JOAO PASSUELO,NAO CADASTRADO,1,0,0,1,0,0
P4-S07,Estr. Joao Passuelo -> Av. Joao Salomoni / Av. Rodrigues da Fonseca,2831.8,3.0,685960,2021-08-17 00:00:00,07:30:00.0000000,TERÇA-FEIRA,-30.114932516205876,-51.21235817670823,AV VICENTE MONTEGGIA ,,EVENTUAL,0,0,0,0,0,0
P4-S07,Estr. Joao Passuelo -> Av. Joao Salomoni / Av. Rodrigues da Fonseca,2674.0,24.7,686001,2021-08-21 00:00:00,23:50:00.0000000,SÁBADO,-30.113497469117515,-51.21265492425634,ESTR JOAO PASSUELO ,,ABALROAMENTO,0,0,0,1,0,0
P4-S07,Estr. Joao Passuelo -> Av. Joao Salomoni / Av. Rodrigues da Fonseca,2900.8,60.3,686074,2021-08-28 00:00:00,03:20:00.0000000,SÁBADO,-30.11573744326853,-51.21195309579457,R ATILIO SUPERTTI ,,COLISÃO,0,0,0,0,0,0
P4-S03,Av. Otto Niemeyer -> Estr. Aracaju,756.3,5.9,686478,2021-09-04 00:00:00,00:05:00.0000000,SÁBADO,-30.101178078936048,-51.22424186060494,AV VICENTE MONTEGGIA ,,ABALROAMENTO,0,0,0,1,0,0
P4-S01,Av. da Cavalhada / Av. Nonoai / R. Dr. Campos Velho -> Av. Fabio Araujo Santos,6.0,37.7,686503,2021-09-06 00:00:00,12:00:00.0000000,SEGUNDA-FEIRA,-30.09496082672545,-51.22550904750825,AV CAVALHADA ,,TOMBAMENTO,0,0,0,0,0,0
P4-S05,Rua Amapa -> Estr. Joao Vedana,1799.2,5.9,686586,2021-09-12 00:00:00,17:30:00.0000000,DOMINGO,-30.109412969952775,-51.219779811467724,AV VICENTE MONTEGGIA ,,COLISÃO,1,0,0,1,0,0
P4-S02,Av. Fabio Araujo Santos -> Av. Otto Niemeyer,634.9,4.9,686638,2021-09-09 00:00:00,11:20:00.0000000,QUINTA-FEIRA,-30.100330630815495,-51.22499406337739,AV VICENTE MONTEGGIA ,,COLISÃO,0,0,0,0,0,0
P4-S07,Estr. Joao Passuelo -> Av. Joao Salomoni / Av. Rodrigues da Fonseca,2815.1,5.5,686782,2021-09-16 00:00:00,14:30:00.0000000,QUINTA-FEIRA,-30.114793575000533,-51.212467758849165,AV VICENTE MONTEGGIA ,,ABALROAMENTO,1,0,0,1,0,0
P4-S01,Av. da Cavalhada / Av. Nonoai / R. Dr. Campos Velho -> Av. Fabio Araujo Santos,212.9,2.0,686945,2021-09-22 00:00:00,09:05:00.0000000,QUARTA-FEIRA,-30.096814996891617,-51.22470974922181,AV FABIO ARAUJO SANTOS ,AV VICENTE MONTEGGIA,ABALROAMENTO,1,0,0,1,0,0
P4-S02,Av. Fabio Araujo Santos -> Av. Otto Niemeyer,292.7,3.2,686978,2021-09-23 00:00:00,13:30:00.0000000,QUINTA-FEIRA,-30.097525681030266,-51.224607761567604,AV VICENTE MONTEGGIA ,,ABALROAMENTO,1,0,0,1,0,0
P4-S01,Av. da Cavalhada / Av. Nonoai / R. Dr. Campos Velho -> Av. Fabio Araujo Santos,0.0,6.0,687144,2021-09-21 00:00:00,15:45:00.0000000,TERÇA-FEIRA,-30.095125591690007,-51.225793361663825,AV NONOAI ,R DR CAMPOS VELHO,ABALROAMENTO,0,0,0,0,0,0
P4-S04,Estr. Aracaju -> Rua Amapa,1471.5,4.1,687201,2021-09-23 00:00:00,19:40:00.0000000,QUINTA-FEIRA,-30.10722926382058,-51.222043633461006,AV VICENTE MONTEGGIA ,R AMAPA,ABALROAMENTO,0,0,0,0,0,0
P4-S05,Rua Amapa -> Estr. Joao Vedana,1799.2,5.9,687412,2021-08-25 00:00:00,14:00:00.0000000,QUARTA-FEIRA,-30.109412969952775,-51.219779811467724,AV VICENTE MONTEGGIA ,,QUEDA,1,0,0,1,0,0
P4-S06,Estr. Joao Vedana -> Estr. Joao Passuelo,1937.0,6.5,687413,2021-10-04 00:00:00,20:30:00.0000000,SEGUNDA-FEIRA,-30.110417717177963,-51.21895493428262,AV VICENTE MONTEGGIA ,,ABALROAMENTO,1,1,0,1,0,0
P4-S01,Av. da Cavalhada / Av. Nonoai / R. Dr. Campos Velho -> Av. Fabio Araujo Santos,7.1,7.1,687487,2021-10-04 00:00:00,10:10:00.0000000,SEGUNDA-FEIRA,-30.095169683676186,-51.2257169187069,R DR CAMPOS VELHO ,AV CAVALHADA,ABALROAMENTO,0,0,0,0,0,0
P4-S01,Av. da Cavalhada / Av. Nonoai / R. Dr. Campos Velho -> Av. Fabio Araujo Santos,1.2,4.7,687530,2021-10-07 00:00:00,14:50:00.0000000,QUINTA-FEIRA,-30.095149276991798,-51.2257786949502,AV CAVALHADA ,,COLISÃO,0,0,0,0,0,0
P4-S04,Estr. Aracaju -> Rua Amapa,1395.3,8.9,687605,2021-10-08 00:00:00,08:10:00.0000000,SEXTA-FEIRA,-30.106607585427184,-51.22239099969298,AV VICENTE MONTEGGIA ,,COLISÃO,1,0,0,1,0,0
P4-S01,Av. da Cavalhada / Av. Nonoai / R. Dr. Campos Velho -> Av. Fabio Araujo Santos,5.9,2.9,687756,2021-10-07 00:00:00,14:50:00.0000000,QUINTA-FEIRA,-30.095190569346997,-51.22575581073762,AV NONOAI ,R DR CAMPOS VELHO,ABALROAMENTO,0,0,0,0,0,0
P4-S04,Estr. Aracaju -> Rua Amapa,1412.6,8.4,687856,2021-10-13 00:00:00,14:30:00.0000000,QUARTA-FEIRA,-30.10675731582332,-51.222342345916196,AV VICENTE MONTEGGIA ,,TOMBAMENTO,0,0,0,0,0,0
P4-S01,Av. da Cavalhada / Av. Nonoai / R. Dr. Campos Velho -> Av. Fabio Araujo Santos,5.5,21.2,688565,2021-10-28 00:00:00,12:40:00.0000000,QUINTA-FEIRA,-30.095066684947728,-51.2256298155594,AV NONOAI ,,ABALROAMENTO,0,0,0,1,0,0
P4-S01,Av. da Cavalhada / Av. Nonoai / R. Dr. Campos Velho -> Av. Fabio Araujo Santos,29.0,11.7,688611,2021-10-25 00:00:00,16:50:00.0000000,SEGUNDA-FEIRA,-30.095292677007418,-51.225519776344306,AV VICENTE MONTEGGIA ,AV NONOAI,COLISÃO,0,0,0,0,0,0
P4-S07,Estr. Joao Passuelo -> Av. Joao Salomoni / Av. Rodrigues da Fonseca,2888.7,2.5,689124,2021-11-11 00:00:00,07:20:00.0000000,QUINTA-FEIRA,-30.115423605530154,-51.21251383075185,AV VICENTE MONTEGGIA ,,QUEDA,2,0,0,1,0,0
P4-S01,Av. da Cavalhada / Av. Nonoai / R. Dr. Campos Velho -> Av. Fabio Araujo Santos,16.4,30.2,689498,2021-11-22 00:00:00,12:20:00.0000000,SEGUNDA-FEIRA,-30.095101200373275,-51.225454432886735,AV NONOAI ,,ABALROAMENTO,0,0,0,0,0,0
P4-S02,Av. Fabio Araujo Santos -> Av. Otto Niemeyer,348.0,7.0,689955,2021-12-01 00:00:00,08:00:00.0000000,QUARTA-FEIRA,-30.097930634420496,-51.22495058038453,AV VICENTE MONTEGGIA ,,NAO CADASTRADO,1,0,0,1,0,0
P4-S05,Rua Amapa -> Estr. Joao Vedana,1799.2,5.9,690042,2021-12-02 00:00:00,10:35:00.0000000,QUINTA-FEIRA,-30.109412969952782,-51.219779811467724,AV VICENTE MONTEGGIA ,,COLISÃO,0,0,0,0,0,0
P4-S05,Rua Amapa -> Estr. Joao Vedana,1928.8,7.0,690116,2021-12-08 00:00:00,21:15:00.0000000,QUARTA-FEIRA,-30.11035734130086,-51.21900318813934,AV VICENTE MONTEGGIA ,,COLISÃO,1,1,0,1,0,0
P4-S02,Av. Fabio Araujo Santos -> Av. Otto Niemeyer,510.7,7.7,690278,2021-12-12 00:00:00,09:20:00.0000000,DOMINGO,-30.099297899452655,-51.225465984883094,AV VICENTE MONTEGGIA ,,COLISÃO,1,0,0,0,0,0
P4-S01,Av. da Cavalhada / Av. Nonoai / R. Dr. Campos Velho -> Av. Fabio Araujo Santos,22.4,54.4,690346,2021-12-11 00:00:00,15:20:00.0000000,SÁBADO,-30.094997956882278,-51.22522607445718,AV NONOAI ,,CHOQUE,0,0,0,0,0,0
P4-S03,Av. Otto Niemeyer -> Estr. Aracaju,674.7,5.0,690376,2021-12-13 00:00:00,08:35:00.0000000,SEGUNDA-FEIRA,-30.100671745075903,-51.22485458850861,AV VICENTE MONTEGGIA ,AV OTTO NIEMEYER,ABALROAMENTO,0,0,0,0,0,0
P4-S01,Av. da Cavalhada / Av. Nonoai / R. Dr. Campos Velho -> Av. Fabio Araujo Santos,16.4,30.2,690552,2021-12-18 00:00:00,16:00:00.0000000,SÁBADO,-30.095101200373275,-51.225454432886735,AV NONOAI ,,COLISÃO,0,0,0,0,0,1
P4-S01,Av. da Cavalhada / Av. Nonoai / R. Dr. Campos Velho -> Av. Fabio Araujo Santos,2.5,0.4,690919,2021-12-29 00:00:00,17:50:00.0000000,QUARTA-FEIRA,-30.095185928087197,-51.22579872608185,AV CAVALHADA ,R DR CAMPOS VELHO,ABALROAMENTO,0,0,0,0,0,0
P4-S06,Estr. Joao Vedana -> Estr. Joao Passuelo,2165.4,7.4,690967,2021-12-23 00:00:00,15:40:00.0000000,QUINTA-FEIRA,-30.111960338484245,-51.217416822910316,AV VICENTE MONTEGGIA ,,CHOQUE,0,0,0,0,0,0
P4-S06,Estr. Joao Vedana -> Estr. Joao Passuelo,1942.9,6.3,691012,2021-12-20 00:00:00,07:40:00.0000000,SEGUNDA-FEIRA,-30.11046064718624,-51.218918833344645,AV VICENTE MONTEGGIA ,,COLISÃO,0,0,0,1,0,0
P4-S03,Av. Otto Niemeyer -> Estr. Aracaju,1063.5,5.3,691152,2022-01-08 00:00:00,17:30:00.0000000,SÁBADO,-30.10369409354594,-51.223154763488274,AV VICENTE MONTEGGIA ,,COLISÃO,1,0,0,1,0,0
P4-S03,Av. Otto Niemeyer -> Estr. Aracaju,1075.7,9.8,691195,2022-01-03 00:00:00,18:40:00.0000000,SEGUNDA-FEIRA,-30.103809012862158,-51.22317954897881,AV VICENTE MONTEGGIA ,,CAPOTAGEM,0,0,0,0,0,0
P4-S02,Av. Fabio Araujo Santos -> Av. Otto Niemeyer,319.1,7.0,691569,2022-01-14 00:00:00,22:30:00.0000000,SEXTA-FEIRA,-30.097707669648095,-51.224813167206385,AV VICENTE MONTEGGIA ,,TOMBAMENTO,0,0,0,0,0,0
P4-S06,Estr. Joao Vedana -> Estr. Joao Passuelo,2026.0,4.1,691609,2022-01-13 00:00:00,18:30:00.0000000,QUINTA-FEIRA,-30.1110972068879,-51.21845617890359,AV VICENTE MONTEGGIA ,,COLISÃO,0,0,0,0,0,0
P4-S01,Av. da Cavalhada / Av. Nonoai / R. Dr. Campos Velho -> Av. Fabio Araujo Santos,6.8,32.5,691660,2022-01-20 00:00:00,03:48:00.0000000,QUINTA-FEIRA,-30.09500027751661,-51.22553989291192,AV NONOAI ,,CHOQUE,0,0,0,0,0,0
P4-S01,Av. da Cavalhada / Av. Nonoai / R. Dr. Campos Velho -> Av. Fabio Araujo Santos,0.0,14.8,691952,2022-01-19 00:00:00,18:30:00.0000000,QUARTA-FEIRA,-30.09510182041419,-51.22595056039561,R DR CAMPOS VELHO ,,ABALROAMENTO,2,0,0,1,0,0
P4-S03,Av. Otto Niemeyer -> Estr. Aracaju,705.3,5.0,692259,2022-02-09 00:00:00,07:45:00.0000000,QUARTA-FEIRA,-30.100862881951997,-51.22460231786786,AV VICENTE MONTEGGIA ,,CHOQUE,0,0,0,0,0,0
P4-S06,Estr. Joao Vedana -> Estr. Joao Passuelo,2529.2,7.2,692329,2021-12-20 00:00:00,07:20:00.0000000,SEGUNDA-FEIRA,-30.112620924757916,-51.21389172308966,AV VICENTE MONTEGGIA ,,ABALROAMENTO,1,0,0,1,0,0
P4-S06,Estr. Joao Vedana -> Estr. Joao Passuelo,1995.1,5.6,692775,2022-02-19 00:00:00,17:40:00.0000000,SÁBADO,-30.110913906465242,-51.21871769428254,AV VICENTE MONTEGGIA ,,COLISÃO,0,0,0,1,0,0
P4-S01,Av. da Cavalhada / Av. Nonoai / R. Dr. Campos Velho -> Av. Fabio Araujo Santos,51.0,10.3,692798,2022-02-24 00:00:00,14:25:00.0000000,QUINTA-FEIRA,-30.09546092235419,-51.225384324789054,AV VICENTE MONTEGGIA ,,COLISÃO,0,0,0,0,0,0
P4-S01,Av. da Cavalhada / Av. Nonoai / R. Dr. Campos Velho -> Av. Fabio Araujo Santos,7.4,33.6,692825,2022-02-27 00:00:00,23:10:00.0000000,DOMINGO,-30.094996796565095,-51.22552782297135,AV NONOAI ,,EVENTUAL,0,0,0,0,0,0
P4-S01,Av. da Cavalhada / Av. Nonoai / R. Dr. Campos Velho -> Av. Fabio Araujo Santos,17.4,39.3,693056,2022-03-03 00:00:00,11:00:00.0000000,QUINTA-FEIRA,-30.095056037558244,-51.225374897110164,AV NONOAI ,,EVENTUAL,0,0,0,0,0,0
P4-S07,Estr. Joao Passuelo -> Av. Joao Salomoni / Av. Rodrigues da Fonseca,2898.5,7.1,693245,2022-03-11 00:00:00,12:23:00.0000000,SEXTA-FEIRA,-30.115535757597705,-51.21245741844178,ESTR JOAO SALOMONI ,AV VICENTE MONTEGGIA,CHOQUE,0,0,0,0,0,0
P4-S04,Estr. Aracaju -> Rua Amapa,1447.6,6.9,693291,2022-03-15 00:00:00,07:30:00.0000000,TERÇA-FEIRA,-30.10705845001354,-51.222238052845874,AV VICENTE MONTEGGIA ,,ABALROAMENTO,1,0,0,1,0,0
P4-S05,Rua Amapa -> Estr. Joao Vedana,1799.2,5.9,693336,2022-03-17 00:00:00,08:30:00.0000000,QUINTA-FEIRA,-30.109412969952782,-51.219779811467724,AV VICENTE MONTEGGIA ,,COLISÃO,2,1,0,1,0,0
P4-S06,Estr. Joao Vedana -> Estr. Joao Passuelo,2004.4,8.0,693854,2022-03-18 00:00:00,18:30:00.0000000,SEXTA-FEIRA,-30.110916226725884,-51.218546032905586,AV VICENTE MONTEGGIA ,,TOMBAMENTO,0,0,0,0,0,0
P4-S01,Av. da Cavalhada / Av. Nonoai / R. Dr. Campos Velho -> Av. Fabio Araujo Santos,16.4,30.2,694184,2022-03-31 00:00:00,08:50:00.0000000,QUINTA-FEIRA,-30.095101200373275,-51.225454432886735,AV NONOAI ,,COLISÃO,0,0,0,0,0,0
P4-S03,Av. Otto Niemeyer -> Estr. Aracaju,1132.5,5.3,694292,2022-04-06 00:00:00,13:30:00.0000000,QUARTA-FEIRA,-30.104304182323673,-51.22301599845895,AV VICENTE MONTEGGIA ,,COLISÃO,1,0,0,1,0,0
P4-S07,Estr. Joao Passuelo -> Av. Joao Salomoni / Av. Rodrigues da Fonseca,2898.6,23.3,694413,2022-04-05 00:00:00,16:20:00.0000000,TERÇA-FEIRA,-30.115447591778008,-51.21275648474694,ESTR JOAO SALOMONI ,,EVENTUAL,1,0,0,0,0,0
P4-S01,Av. da Cavalhada / Av. Nonoai / R. Dr. Campos Velho -> Av. Fabio Araujo Santos,35.9,9.6,695266,2022-05-02 00:00:00,07:45:00.0000000,SEGUNDA-FEIRA,-30.095352079044357,-51.22549025961664,AV VICENTE MONTEGGIA ,,COLISÃO,0,0,0,0,0,0
P4-S05,Rua Amapa -> Estr. Joao Vedana,1799.2,5.9,695681,2022-05-22 00:00:00,01:30:00.0000000,DOMINGO,-30.109412969952782,-51.219779811467724,AV VICENTE MONTEGGIA ,,COLISÃO,0,0,0,0,0,0
P4-S03,Av. Otto Niemeyer -> Estr. Aracaju,816.8,3.5,695692,2022-05-19 00:00:00,07:42:00.0000000,QUINTA-FEIRA,-30.101619949976957,-51.22386266442859,AV VICENTE MONTEGGIA ,,ABALROAMENTO,1,0,0,1,0,0
P4-S01,Av. da Cavalhada / Av. Nonoai / R. Dr. Campos Velho -> Av. Fabio Araujo Santos,13.1,0.4,695870,2022-05-21 00:00:00,20:40:00.0000000,SÁBADO,-30.095250746686634,-51.225718237038826,AV VICENTE MONTEGGIA ,ESTR JOAO VEDANA,COLISÃO,1,1,0,1,0,0
P4-S05,Rua Amapa -> Estr. Joao Vedana,1799.2,5.9,695990,2022-05-22 00:00:00,02:30:00.0000000,DOMINGO,-30.109412969952782,-51.219779811467724,AV VICENTE MONTEGGIA ,,ABALROAMENTO,0,0,0,0,0,0
P4-S01,Av. da Cavalhada / Av. Nonoai / R. Dr. Campos Velho -> Av. Fabio Araujo Santos,0.0,7.0,696008,2022-05-21 00:00:00,14:50:00.0000000,SÁBADO,-30.09512095092289,-51.225781739221944,AV NONOAI ,R DR CAMPOS VELHO,COLISÃO,0,0,0,0,0,0
P4-S05,Rua Amapa -> Estr. Joao Vedana,1600.4,5.6,696459,2022-05-27 00:00:00,11:57:00.0000000,SEXTA-FEIRA,-30.10804678316291,-51.22112022666287,AV VICENTE MONTEGGIA ,,QUEDA,1,0,0,1,0,0
P4-S03,Av. Otto Niemeyer -> Estr. Aracaju,689.1,0.0,696648,2022-06-13 00:00:00,00:30:00.0000000,SEGUNDA-FEIRA,-30.100758606511885,-51.224732893276865,AV VICENTE MONTEGGIA ,,CHOQUE,2,1,0,1,0,0
P4-S04,Estr. Aracaju -> Rua Amapa,1243.6,6.2,696682,2022-06-07 00:00:00,18:20:00.0000000,TERÇA-FEIRA,-30.105252678118802,-51.222632387582586,AV VICENTE MONTEGGIA ,,ABALROAMENTO,1,0,0,1,0,0
P4-S06,Estr. Joao Vedana -> Estr. Joao Passuelo,2127.4,4.8,696823,2022-06-09 00:00:00,09:45:00.0000000,QUINTA-FEIRA,-30.111796170140316,-51.21778577371288,AV VICENTE MONTEGGIA ,,ABALROAMENTO,0,0,0,1,0,0
P4-S01,Av. da Cavalhada / Av. Nonoai / R. Dr. Campos Velho -> Av. Fabio Araujo Santos,124.9,6.7,696895,2022-06-19 00:00:00,15:30:00.0000000,DOMINGO,-30.096130186969727,-51.225181876621185,AV VICENTE MONTEGGIA ,,COLISÃO,0,0,0,0,0,0
P4-S06,Estr. Joao Vedana -> Estr. Joao Passuelo,2643.6,7.1,696980,2022-06-07 00:00:00,19:50:00.0000000,TERÇA-FEIRA,-30.113312253439513,-51.21299028402064,ESTR JOAO PASSUELO ,AV VICENTE MONTEGGIA,COLISÃO,0,0,0,1,0,0
P4-S07,Estr. Joao Passuelo -> Av. Joao Salomoni / Av. Rodrigues da Fonseca,2888.7,2.5,697139,2022-06-24 00:00:00,19:00:00.0000000,SEXTA-FEIRA,-30.115423605530154,-51.21251383075185,AV VICENTE MONTEGGIA ,,ATROPELAMENTO,1,1,0,0,0,0
P4-S03,Av. Otto Niemeyer -> Estr. Aracaju,1175.2,11.5,697228,2022-06-21 00:00:00,12:30:00.0000000,TERÇA-FEIRA,-30.104649004262793,-51.22275322680253,AV VICENTE MONTEGGIA ,ESTR ARACAJU,COLISÃO,0,0,0,0,0,0
P4-S01,Av. da Cavalhada / Av. Nonoai / R. Dr. Campos Velho -> Av. Fabio Araujo Santos,1.2,4.7,697244,2022-06-26 00:00:00,05:50:00.0000000,DOMINGO,-30.095149276991798,-51.2257786949502,AV CAVALHADA ,R DR CAMPOS VELHO,ABALROAMENTO,0,0,0,0,0,0
P4-S02,Av. Fabio Araujo Santos -> Av. Otto Niemeyer,296.5,3.1,697325,2022-06-30 00:00:00,13:20:00.0000000,QUINTA-FEIRA,-30.097559160978847,-51.2246173401569,AV VICENTE MONTEGGIA ,,NAO CADASTRADO,1,0,0,1,0,0
P4-S02,Av. Fabio Araujo Santos -> Av. Otto Niemeyer,657.8,28.7,697472,2022-07-02 00:00:00,13:15:00.0000000,SÁBADO,-30.100658903748975,-51.22515521436463,AV OTTO NIEMEYER ,AV VICENTE MONTEGGIA,ABALROAMENTO,0,0,0,0,0,0
P4-S03,Av. Otto Niemeyer -> Estr. Aracaju,1067.4,5.5,697621,2022-07-03 00:00:00,02:15:00.0000000,DOMINGO,-30.10372886120246,-51.223150324332934,AV VICENTE MONTEGGIA ,,CAPOTAGEM,0,0,0,0,0,0
P4-S01,Av. da Cavalhada / Av. Nonoai / R. Dr. Campos Velho -> Av. Fabio Araujo Santos,20.4,30.6,697708,2022-07-05 00:00:00,12:50:00.0000000,TERÇA-FEIRA,-30.09512700986148,-51.22542425989196,AV NONOAI ,,ABALROAMENTO,0,0,0,1,0,0
P4-S06,Estr. Joao Vedana -> Estr. Joao Passuelo,2053.7,4.3,697779,2022-09-10 00:00:00,13:40:00.0000000,SÁBADO,-30.111324826833098,-51.21832416332244,AV VICENTE MONTEGGIA ,,NAO CADASTRADO,1,0,0,1,0,0
P4-S06,Estr. Joao Vedana -> Estr. Joao Passuelo,2013.7,3.2,697798,2022-07-10 00:00:00,13:30:00.0000000,DOMINGO,-30.11104180843668,-51.218589786997214,AV VICENTE MONTEGGIA ,,NAO CADASTRADO,1,0,0,1,0,0
P4-S04,Estr. Aracaju -> Rua Amapa,1243.6,6.2,697842,2022-07-12 00:00:00,20:00:00.0000000,TERÇA-FEIRA,-30.105252678118802,-51.222632387582586,AV VICENTE MONTEGGIA ,,ABALROAMENTO,1,0,0,1,0,0
P4-S03,Av. Otto Niemeyer -> Estr. Aracaju,1024.8,5.2,698100,2022-07-19 00:00:00,17:10:00.0000000,TERÇA-FEIRA,-30.103334811900677,-51.22312463461003,AV VICENTE MONTEGGIA ,,COLISÃO,1,0,0,1,0,0
P4-S05,Rua Amapa -> Estr. Joao Vedana,1753.1,2.4,698136,2022-07-20 00:00:00,20:16:00.0000000,QUARTA-FEIRA,-30.10907357286918,-51.2200603994672,AV VICENTE MONTEGGIA ,,ATROPELAMENTO,1,0,0,0,0,0
P4-S05,Rua Amapa -> Estr. Joao Vedana,1919.3,7.4,698171,2022-07-20 00:00:00,08:00:00.0000000,QUARTA-FEIRA,-30.11028927529204,-51.219056208158676,AV VICENTE MONTEGGIA ,,NAO CADASTRADO,1,0,0,1,0,0
P4-S01,Av. da Cavalhada / Av. Nonoai / R. Dr. Campos Velho -> Av. Fabio Araujo Santos,1.2,4.7,698273,2022-07-25 00:00:00,00:15:00.0000000,SEGUNDA-FEIRA,-30.095149276991798,-51.2257786949502,AV CAVALHADA ,,CHOQUE,0,0,0,0,0,0
P4-S01,Av. da Cavalhada / Av. Nonoai / R. Dr. Campos Velho -> Av. Fabio Araujo Santos,1.2,4.7,698509,2022-07-25 00:00:00,00:15:00.0000000,SEGUNDA-FEIRA,-30.095149276991798,-51.2257786949502,AV CAVALHADA ,R DR CAMPOS VELHO,COLISÃO,0,0,0,0,0,0
P4-S03,Av. Otto Niemeyer -> Estr. Aracaju,777.6,8.4,698624,2022-07-29 00:00:00,15:00:00.0000000,SEXTA-FEIRA,-30.101295707565058,-51.224066808728736,AV VICENTE MONTEGGIA ,,ABALROAMENTO,0,0,0,0,0,0
P4-S02,Av. Fabio Araujo Santos -> Av. Otto Niemeyer,671.0,14.1,698833,2022-08-09 00:00:00,12:10:00.0000000,TERÇA-FEIRA,-30.100686184047785,-51.22495532048561,AV VICENTE MONTEGGIA ,AV OTTO NIEMEYER,ABALROAMENTO,0,0,0,0,0,0
P4-S01,Av. da Cavalhada / Av. Nonoai / R. Dr. Campos Velho -> Av. Fabio Araujo Santos,7.2,7.4,699243,2022-07-29 00:00:00,17:00:00.0000000,SEXTA-FEIRA,-30.095168394468587,-51.225714087522654,AV CAVALHADA ,AV VICENTE MONTEGGIA,EVENTUAL,1,0,0,0,0,0
P4-S01,Av. da Cavalhada / Av. Nonoai / R. Dr. Campos Velho -> Av. Fabio Araujo Santos,238.8,0.5,699655,2022-08-24 00:00:00,15:30:00.0000000,QUARTA-FEIRA,-30.09704151217536,-51.22464358813432,AV VICENTE MONTEGGIA ,,CAPOTAGEM,0,0,0,0,0,0
P4-S03,Av. Otto Niemeyer -> Estr. Aracaju,999.0,6.2,699659,2022-08-24 00:00:00,18:30:00.0000000,QUARTA-FEIRA,-30.10310553407354,-51.22316971423971,AV VICENTE MONTEGGIA ,,COLISÃO,0,0,0,0,0,0
P4-S03,Av. Otto Niemeyer -> Estr. Aracaju,1089.7,5.4,699728,2022-08-30 00:00:00,14:00:00.0000000,TERÇA-FEIRA,-30.103908121256495,-51.22299781920477,AV VICENTE MONTEGGIA ,,ABALROAMENTO,0,0,0,1,0,0
P4-S04,Estr. Aracaju -> Rua Amapa,1390.8,6.1,699940,2022-09-01 00:00:00,11:20:00.0000000,QUINTA-FEIRA,-30.106534317391425,-51.222252398756616,AV VICENTE MONTEGGIA ,,ABALROAMENTO,0,0,0,0,0,0
P4-S05,Rua Amapa -> Estr. Joao Vedana,1799.2,5.9,700162,2022-09-12 00:00:00,12:50:00.0000000,SEGUNDA-FEIRA,-30.109412969952782,-51.219779811467724,AV VICENTE MONTEGGIA ,,ABALROAMENTO,1,1,0,1,0,0
P4-S01,Av. da Cavalhada / Av. Nonoai / R. Dr. Campos Velho -> Av. Fabio Araujo Santos,13.1,0.4,700179,2022-09-11 00:00:00,22:16:00.0000000,DOMINGO,-30.095250746686634,-51.225718237038826,AV VICENTE MONTEGGIA ,,NAO CADASTRADO,1,1,0,1,0,0
P4-S06,Estr. Joao Vedana -> Estr. Joao Passuelo,2063.4,7.6,700342,2022-09-08 00:00:00,07:40:00.0000000,QUINTA-FEIRA,-30.111310907253717,-51.218164767983694,AV VICENTE MONTEGGIA ,,COLISÃO,0,0,0,1,0,0
P4-S03,Av. Otto Niemeyer -> Estr. Aracaju,733.3,6.8,700740,2022-09-23 00:00:00,06:40:00.0000000,SEXTA-FEIRA,-30.101112428442583,-51.224504507004106,AV VICENTE MONTEGGIA ,,COLISÃO,0,0,0,0,0,0
P4-S07,Estr. Joao Passuelo -> Av. Joao Salomoni / Av. Rodrigues da Fonseca,2723.6,4.9,700764,2022-09-25 00:00:00,00:55:00.0000000,DOMINGO,-30.11399250824566,-51.21266294069401,AV VICENTE MONTEGGIA ,,ABALROAMENTO,1,0,0,1,0,0
P4-S07,Estr. Joao Passuelo -> Av. Joao Salomoni / Av. Rodrigues da Fonseca,2723.6,4.9,700802,2022-09-24 00:00:00,22:45:00.0000000,SÁBADO,-30.11399250824566,-51.21266294069401,AV VICENTE MONTEGGIA ,,ABALROAMENTO,1,1,0,0,1,0
P4-S07,Estr. Joao Passuelo -> Av. Joao Salomoni / Av. Rodrigues da Fonseca,2737.7,5.1,700939,2022-08-27 00:00:00,19:00:00.0000000,SÁBADO,-30.114111625086178,-51.21261333776211,AV VICENTE MONTEGGIA ,,COLISÃO,0,0,0,1,0,0
P4-S02,Av. Fabio Araujo Santos -> Av. Otto Niemeyer,645.7,6.1,701123,2022-10-01 00:00:00,11:15:00.0000000,SÁBADO,-30.100397015539862,-51.22493010737105,AV VICENTE MONTEGGIA ,AV OTTO NIEMEYER,ABALROAMENTO,1,0,0,1,0,0
P4-S06,Estr. Joao Vedana -> Estr. Joao Passuelo,2057.8,4.4,701587,2022-10-06 00:00:00,09:15:00.0000000,QUINTA-FEIRA,-30.111350853338838,-51.218294598720206,AV VICENTE MONTEGGIA ,,ABALROAMENTO,0,0,0,1,0,0
P4-S05,Rua Amapa -> Estr. Joao Vedana,1492.3,3.6,701593,2022-10-06 00:00:00,17:00:00.0000000,QUINTA-FEIRA,-30.10736791218079,-51.22192345662394,AV VICENTE MONTEGGIA ,,COLISÃO,0,0,0,0,0,0
P4-S01,Av. da Cavalhada / Av. Nonoai / R. Dr. Campos Velho -> Av. Fabio Araujo Santos,4.8,18.7,701746,2022-10-18 00:00:00,18:56:00.0000000,TERÇA-FEIRA,-30.09507877447844,-51.225653077846516,AV NONOAI ,,COLISÃO,1,0,0,2,0,0
P4-S04,Estr. Aracaju -> Rua Amapa,1458.9,6.9,701893,2022-10-22 00:00:00,14:50:00.0000000,SÁBADO,-30.107165997529115,-51.22220080531616,AV VICENTE MONTEGGIA ,,NAO CADASTRADO,1,0,0,1,0,0
P4-S06,Estr. Joao Vedana -> Estr. Joao Passuelo,1969.6,4.7,702144,2022-10-17 00:00:00,16:30:00.0000000,SEGUNDA-FEIRA,-30.110718985814753,-51.21885651359909,AV VICENTE MONTEGGIA ,,COLISÃO,0,0,0,0,0,0
P4-S02,Av. Fabio Araujo Santos -> Av. Otto Niemeyer,668.1,6.4,702326,2022-10-27 00:00:00,16:00:00.0000000,QUINTA-FEIRA,-30.100628943972115,-51.224902869907964,AV VICENTE MONTEGGIA ,AV OTTO NIEMEYER,ABALROAMENTO,0,0,0,0,0,0
P4-S03,Av. Otto Niemeyer -> Estr. Aracaju,1063.5,5.3,702421,2022-11-04 00:00:00,08:10:00.0000000,SEXTA-FEIRA,-30.10369409354594,-51.223154763488274,AV VICENTE MONTEGGIA ,,ABALROAMENTO,1,0,0,1,0,0
P4-S01,Av. da Cavalhada / Av. Nonoai / R. Dr. Campos Velho -> Av. Fabio Araujo Santos,13.1,0.4,702441,2022-11-02 00:00:00,13:40:00.0000000,QUARTA-FEIRA,-30.095250746686634,-51.225718237038826,AV VICENTE MONTEGGIA ,AV NONOAI,ABALROAMENTO,1,0,0,0,0,0
P4-S01,Av. da Cavalhada / Av. Nonoai / R. Dr. Campos Velho -> Av. Fabio Araujo Santos,7.8,6.0,702543,2022-11-02 00:00:00,13:41:00.0000000,QUARTA-FEIRA,-30.095181286685545,-51.22571945112214,AV CAVALHADA ,AV NONOAI,ABALROAMENTO,1,0,0,0,0,0
P4-S03,Av. Otto Niemeyer -> Estr. Aracaju,1027.1,5.3,702717,2022-11-03 00:00:00,19:40:00.0000000,QUINTA-FEIRA,-30.10335459942812,-51.223119176188455,AV VICENTE MONTEGGIA ,,ABALROAMENTO,1,0,0,1,0,0
P4-S05,Rua Amapa -> Estr. Joao Vedana,1581.7,6.9,703243,2022-11-15 00:00:00,12:15:00.0000000,TERÇA-FEIRA,-30.108006719113604,-51.22134983712759,AV VICENTE MONTEGGIA ,,ABALROAMENTO,0,0,0,0,0,0
P4-S03,Av. Otto Niemeyer -> Estr. Aracaju,1098.9,5.7,703435,2022-11-26 00:00:00,07:05:00.0000000,SÁBADO,-30.103988590123414,-51.22297549231637,AV VICENTE MONTEGGIA ,,CHOQUE,1,0,0,1,0,0
P4-S03,Av. Otto Niemeyer -> Estr. Aracaju,705.3,5.0,703505,2022-11-03 00:00:00,17:45:00.0000000,QUINTA-FEIRA,-30.100862881951997,-51.22460231786786,AV VICENTE MONTEGGIA ,,COLISÃO,0,0,0,0,0,0
P4-S01,Av. da Cavalhada / Av. Nonoai / R. Dr. Campos Velho -> Av. Fabio Araujo Santos,124.9,6.7,703688,2022-12-04 00:00:00,18:40:00.0000000,DOMINGO,-30.096130186969727,-51.225181876621185,AV VICENTE MONTEGGIA ,,ABALROAMENTO,2,0,0,0,0,0
P4-S03,Av. Otto Niemeyer -> Estr. Aracaju,727.1,5.1,703724,2022-11-29 00:00:00,06:30:00.0000000,TERÇA-FEIRA,-30.100995823868654,-51.224463776945406,AV VICENTE MONTEGGIA ,,ABALROAMENTO,0,0,0,0,0,0
P4-S03,Av. Otto Niemeyer -> Estr. Aracaju,1064.6,6.6,703955,2022-12-08 00:00:00,16:00:00.0000000,QUINTA-FEIRA,-30.103685756392963,-51.22303049085255,AV VICENTE MONTEGGIA ,,COLISÃO,0,0,0,0,0,0
P4-S04,Estr. Aracaju -> Rua Amapa,1459.7,1.2,703999,2022-12-07 00:00:00,21:25:00.0000000,QUARTA-FEIRA,-30.107151532158912,-51.22214421629907,AV VICENTE MONTEGGIA ,R AMAPA,COLISÃO,0,0,0,0,0,0
P4-S01,Av. da Cavalhada / Av. Nonoai / R. Dr. Campos Velho -> Av. Fabio Araujo Santos,7.6,6.9,704285,2022-12-02 00:00:00,17:20:00.0000000,SEXTA-FEIRA,-30.09517432493675,-51.225714236497886,AV CAVALHADA ,AV VICENTE MONTEGGIA,COLISÃO,0,0,0,0,0,0
P4-S05,Rua Amapa -> Estr. Joao Vedana,1933.9,0.3,704622,2022-12-18 00:00:00,,DOMINGO,-30.110433611339687,-51.219030171632774,AV VICENTE MONTEGGIA ,ESTR JOAO VEDANA,ABALROAMENTO,0,0,0,0,0,0
P4-S03,Av. Otto Niemeyer -> Estr. Aracaju,1093.7,10.1,704841,2022-12-23 00:00:00,08:00:00.0000000,SEXTA-FEIRA,-30.103934702582002,-51.22294142835927,AV VICENTE MONTEGGIA ,,ABALROAMENTO,0,0,0,1,0,0
P4-S06,Estr. Joao Vedana -> Estr. Joao Passuelo,2431.9,5.6,704989,2023-01-01 00:00:00,23:42:00.0000000,DOMINGO,-30.112520956863044,-51.214900163310794,AV VICENTE MONTEGGIA ,,COLISÃO,1,0,0,1,0,0
P4-S03,Av. Otto Niemeyer -> Estr. Aracaju,683.6,12.7,715456,2023-01-04 00:00:00,21:45:00.0000000,QUARTA-FEIRA,-30.10077590973227,-51.22487485405146,AV OTTO NIEMEYER ,AV VICENTE MONTEGGIA,ABALROAMENTO,0,0,0,0,0,0
P4-S06,Estr. Joao Vedana -> Estr. Joao Passuelo,1952.2,6.6,715582,2023-01-22 00:00:00,12:29:00.0000000,DOMINGO,-30.110532197180014,-51.21885866366203,AV VICENTE MONTEGGIA ,,NAO CADASTRADO,1,0,0,1,0,0
P4-S06,Estr. Joao Vedana -> Estr. Joao Passuelo,1952.2,6.6,715687,2023-01-22 00:00:00,13:00:00.0000000,DOMINGO,-30.110532197180014,-51.21885866366203,AV VICENTE MONTEGGIA ,,COLISÃO,1,0,0,1,0,0
P4-S04,Estr. Aracaju -> Rua Amapa,1336.3,3.6,715730,2023-01-21 00:00:00,12:15:00.0000000,SÁBADO,-30.106065641919802,-51.22241902767925,AV VICENTE MONTEGGIA ,,ABALROAMENTO,1,0,0,0,0,0
P4-S01,Av. da Cavalhada / Av. Nonoai / R. Dr. Campos Velho -> Av. Fabio Araujo Santos,0.0,12.8,715816,2023-01-25 00:00:00,17:10:00.0000000,QUARTA-FEIRA,-30.095068010865234,-51.225766981566295,R DR CAMPOS VELHO ,,QUEDA,1,0,0,0,1,0
P4-S01,Av. da Cavalhada / Av. Nonoai / R. Dr. Campos Velho -> Av. Fabio Araujo Santos,16.4,30.2,716105,2023-02-01 00:00:00,19:20:00.0000000,QUARTA-FEIRA,-30.095101200373275,-51.225454432886735,AV NONOAI ,,NAO CADASTRADO,2,0,0,0,0,0
P4-S04,Estr. Aracaju -> Rua Amapa,1395.3,8.9,716786,2023-01-27 00:00:00,18:50:00.0000000,SEXTA-FEIRA,-30.10660758542717,-51.22239099969298,AV VICENTE MONTEGGIA ,,ABALROAMENTO,1,0,0,1,0,0
P4-S03,Av. Otto Niemeyer -> Estr. Aracaju,1018.7,10.2,716848,2023-02-24 00:00:00,13:40:00.0000000,SEXTA-FEIRA,-30.10330973297229,-51.22329488396646,AV VICENTE MONTEGGIA ,,COLISÃO,0,0,0,0,0,0
P4-S04,Estr. Aracaju -> Rua Amapa,1464.2,11.3,716860,2023-02-24 00:00:00,20:20:00.0000000,SEXTA-FEIRA,-30.10722604112396,-51.222219914134264,AV VICENTE MONTEGGIA ,,ABALROAMENTO,0,0,0,0,0,0
P4-S03,Av. Otto Niemeyer -> Estr. Aracaju,967.8,8.4,716977,2023-02-25 00:00:00,07:10:00.0000000,SÁBADO,-30.102858056280706,-51.223384178950965,AV VICENTE MONTEGGIA ,,QUEDA,1,0,0,1,0,0
P4-S05,Rua Amapa -> Estr. Joao Vedana,1799.2,5.9,727338,2023-03-09 00:00:00,14:40:00.0000000,QUINTA-FEIRA,-30.109412969952782,-51.219779811467724,AV VICENTE MONTEGGIA ,,ABALROAMENTO,1,0,0,1,0,0
P4-S02,Av. Fabio Araujo Santos -> Av. Otto Niemeyer,667.1,26.9,727362,2023-03-06 00:00:00,11:00:00.0000000,SEGUNDA-FEIRA,-30.100720475588425,-51.22508794069291,AV OTTO NIEMEYER ,AV VICENTE MONTEGGIA,COLISÃO,0,0,0,0,0,0
P4-S05,Rua Amapa -> Estr. Joao Vedana,1799.2,5.9,727364,2023-03-09 00:00:00,14:40:00.0000000,QUINTA-FEIRA,-30.109412969952782,-51.219779811467724,AV VICENTE MONTEGGIA ,,CHOQUE,1,0,0,1,0,0
P4-S06,Estr. Joao Vedana -> Estr. Joao Passuelo,2154.3,7.2,727463,2023-03-09 00:00:00,06:40:00.0000000,QUINTA-FEIRA,-30.11198238072466,-51.21760532258122,AV VICENTE MONTEGGIA ,,COLISÃO,0,0,0,0,0,0
P4-S01,Av. da Cavalhada / Av. Nonoai / R. Dr. Campos Velho -> Av. Fabio Araujo Santos,7.7,7.4,727568,2023-03-14 00:00:00,13:50:00.0000000,TERÇA-FEIRA,-30.09517084399135,-51.22571021318436,AV VICENTE MONTEGGIA ,AV NONOAI,COLISÃO,0,0,0,0,0,0
P4-S05,Rua Amapa -> Estr. Joao Vedana,1541.0,9.0,727830,2023-03-21 00:00:00,14:34:00.0000000,TERÇA-FEIRA,-30.107761524244427,-51.221664100926326,AV VICENTE MONTEGGIA ,,ABALROAMENTO,0,0,0,0,0,1
P4-S05,Rua Amapa -> Estr. Joao Vedana,1739.7,8.5,728359,2023-03-31 00:00:00,12:20:00.0000000,SEXTA-FEIRA,-30.109044328279833,-51.220237947362534,AV VICENTE MONTEGGIA ,,ABALROAMENTO,1,0,0,1,0,0
P4-S06,Estr. Joao Vedana -> Estr. Joao Passuelo,2063.4,7.6,728427,2023-04-01 00:00:00,08:30:00.0000000,SÁBADO,-30.111310907253717,-51.218164767983694,AV VICENTE MONTEGGIA ,,COLISÃO,1,0,0,1,0,0
P4-S04,Estr. Aracaju -> Rua Amapa,1395.3,8.9,728428,2023-04-02 00:00:00,16:50:00.0000000,DOMINGO,-30.10660758542717,-51.22239099969298,AV VICENTE MONTEGGIA ,,ABALROAMENTO,2,0,0,1,0,0
P4-S06,Estr. Joao Vedana -> Estr. Joao Passuelo,2317.1,5.5,728450,2023-03-31 00:00:00,20:38:00.0000000,SEXTA-FEIRA,-30.112529399247226,-51.21608695110575,AV VICENTE MONTEGGIA ,,NAO CADASTRADO,2,0,0,0,0,0
P4-S01,Av. da Cavalhada / Av. Nonoai / R. Dr. Campos Velho -> Av. Fabio Araujo Santos,7.5,7.3,728580,2023-04-03 00:00:00,12:30:00.0000000,SEGUNDA-FEIRA,-30.09517084399135,-51.22571289539338,R DR CAMPOS VELHO ,AV CAVALHADA,COLISÃO,0,0,0,0,0,0
P4-S01,Av. da Cavalhada / Av. Nonoai / R. Dr. Campos Velho -> Av. Fabio Araujo Santos,7.6,7.3,728937,2023-04-09 00:00:00,06:30:00.0000000,DOMINGO,-30.0951720043065,-51.22571155428887,AV VICENTE MONTEGGIA ,AV NONOAI,ABALROAMENTO,0,0,0,0,0,0
P4-S04,Estr. Aracaju -> Rua Amapa,1218.8,1.3,729224,2023-04-14 00:00:00,13:35:00.0000000,SEXTA-FEIRA,-30.10504724323407,-51.22274469584227,ESTR ARACAJU ,AV VICENTE MONTEGGIA,COLISÃO,0,0,0,0,0,0
P4-S03,Av. Otto Niemeyer -> Estr. Aracaju,904.4,1.8,729376,2023-04-20 00:00:00,14:00:00.0000000,QUINTA-FEIRA,-30.102280717189064,-51.22341585696325,AV VICENTE MONTEGGIA ,,ABALROAMENTO,0,0,0,0,0,0
P4-S06,Estr. Joao Vedana -> Estr. Joao Passuelo,2328.6,7.0,729471,2023-04-27 00:00:00,13:40:00.0000000,QUINTA-FEIRA,-30.112408295691726,-51.21598018622842,AV VICENTE MONTEGGIA ,,ABALROAMENTO,1,0,0,0,0,0
P4-S05,Rua Amapa -> Estr. Joao Vedana,1602.0,6.3,729955,2023-05-08 00:00:00,07:30:00.0000000,SEGUNDA-FEIRA,-30.108132999607577,-51.22119659206289,AV VICENTE MONTEGGIA ,,COLISÃO,0,0,0,0,0,0
P4-S03,Av. Otto Niemeyer -> Estr. Aracaju,689.1,0.0,729969,2023-05-08 00:00:00,16:00:00.0000000,SEGUNDA-FEIRA,-30.100758606511885,-51.224732893276865,AV VICENTE MONTEGGIA ,,COLISÃO,0,0,0,0,0,0
P4-S05,Rua Amapa -> Estr. Joao Vedana,1476.9,3.2,730735,2023-05-25 00:00:00,18:30:00.0000000,QUINTA-FEIRA,-30.10729988936314,-51.222089482471354,AV VICENTE MONTEGGIA ,R AMAPA,ABALROAMENTO,0,0,0,0,0,0
P4-S01,Av. da Cavalhada / Av. Nonoai / R. Dr. Campos Velho -> Av. Fabio Araujo Santos,7.6,7.1,731533,2023-06-08 00:00:00,00:20:00.0000000,QUINTA-FEIRA,-30.09517294706255,-51.22571295825765,R DR CAMPOS VELHO ,AV CAVALHADA,ABALROAMENTO,0,0,0,0,0,0
P4-S07,Estr. Joao Passuelo -> Av. Joao Salomoni / Av. Rodrigues da Fonseca,2900.8,60.3,731728,2023-06-17 00:00:00,19:30:00.0000000,SÁBADO,-30.11573744326853,-51.21195309579457,R ATILIO SUPERTTI ,,ABALROAMENTO,1,0,0,1,0,0
P4-S03,Av. Otto Niemeyer -> Estr. Aracaju,1192.8,4.1,731922,2023-06-12 00:00:00,16:40:00.0000000,SEGUNDA-FEIRA,-30.104833717573833,-51.222869071491566,AV VICENTE MONTEGGIA ,,ABALROAMENTO,0,0,0,0,0,0
P4-S01,Av. da Cavalhada / Av. Nonoai / R. Dr. Campos Velho -> Av. Fabio Araujo Santos,3.3,13.7,732017,2023-06-25 00:00:00,14:20:00.0000000,DOMINGO,-30.095102953529175,-51.22569960140025,AV NONOAI ,,COLISÃO,0,0,0,1,0,0
P4-S06,Estr. Joao Vedana -> Estr. Joao Passuelo,2063.4,7.6,732039,2023-06-26 00:00:00,19:05:00.0000000,SEGUNDA-FEIRA,-30.111310907253717,-51.218164767983694,AV VICENTE MONTEGGIA ,,COLISÃO,1,0,0,1,0,0
P4-S05,Rua Amapa -> Estr. Joao Vedana,1502.3,8.2,732233,2023-06-27 00:00:00,17:13:00.0000000,TERÇA-FEIRA,-30.107505990978385,-51.22194106094844,AV VICENTE MONTEGGIA ,,COLISÃO,0,0,0,0,0,0
P4-S03,Av. Otto Niemeyer -> Estr. Aracaju,682.3,3.7,732718,2023-07-06 00:00:00,17:00:00.0000000,QUINTA-FEIRA,-30.10072382716994,-51.22480273235852,AV VICENTE MONTEGGIA ,AV OTTO NIEMEYER,ABALROAMENTO,0,0,0,0,0,0
P4-S03,Av. Otto Niemeyer -> Estr. Aracaju,689.1,0.0,732866,2023-07-16 00:00:00,20:00:00.0000000,DOMINGO,-30.100758606511885,-51.224732893276865,AV VICENTE MONTEGGIA ,,ATROPELAMENTO,1,0,0,0,0,0
P4-S06,Estr. Joao Vedana -> Estr. Joao Passuelo,2011.4,3.2,733002,2023-07-15 00:00:00,13:29:00.0000000,SÁBADO,-30.111024515220567,-51.21860347500825,AV VICENTE MONTEGGIA ,,COLISÃO,1,1,0,1,0,0
P4-S06,Estr. Joao Vedana -> Estr. Joao Passuelo,2340.8,4.5,733904,2023-08-10 00:00:00,18:00:00.0000000,QUINTA-FEIRA,-30.11250444104718,-51.21584674539481,AV VICENTE MONTEGGIA ,,ABALROAMENTO,1,0,0,1,0,0
P4-S06,Estr. Joao Vedana -> Estr. Joao Passuelo,2340.8,4.5,733989,2023-08-10 00:00:00,17:45:00.0000000,QUINTA-FEIRA,-30.11250444104718,-51.21584674539481,AV VICENTE MONTEGGIA ,,COLISÃO,1,0,0,1,0,0
P4-S04,Estr. Aracaju -> Rua Amapa,1227.5,6.8,734001,2023-08-11 00:00:00,19:00:00.0000000,SEXTA-FEIRA,-30.105111393111745,-51.222666558851124,AV VICENTE MONTEGGIA ,,COLISÃO,1,0,0,1,0,0
P4-S01,Av. da Cavalhada / Av. Nonoai / R. Dr. Campos Velho -> Av. Fabio Araujo Santos,35.9,9.6,734111,2023-08-12 00:00:00,19:50:00.0000000,SÁBADO,-30.095352079044357,-51.22549025961664,AV VICENTE MONTEGGIA ,AV CAVALHADA,NAO CADASTRADO,0,0,0,0,0,0
P4-S07,Estr. Joao Passuelo -> Av. Joao Salomoni / Av. Rodrigues da Fonseca,2815.1,5.5,734201,2023-07-27 00:00:00,17:17:00.0000000,QUINTA-FEIRA,-30.114793575000526,-51.212467758849165,AV VICENTE MONTEGGIA ,,COLISÃO,0,0,0,0,0,0
P4-S01,Av. da Cavalhada / Av. Nonoai / R. Dr. Campos Velho -> Av. Fabio Araujo Santos,8.9,41.8,734911,2023-08-22 00:00:00,18:00:00.0000000,TERÇA-FEIRA,-30.094951544148667,-51.22545883057683,AV NONOAI ,,COLISÃO,0,0,0,0,0,0
P4-S05,Rua Amapa -> Estr. Joao Vedana,1799.2,5.9,735190,2023-09-01 00:00:00,03:45:00.0000000,SEXTA-FEIRA,-30.109412969952782,-51.219779811467724,AV VICENTE MONTEGGIA ,,EVENTUAL,1,0,0,1,0,0
P4-S06,Estr. Joao Vedana -> Estr. Joao Passuelo,2642.4,6.5,735233,2023-09-01 00:00:00,16:30:00.0000000,SEXTA-FEIRA,-30.11330738949296,-51.21300314320252,ESTR JOAO PASSUELO ,AV VICENTE MONTEGGIA,COLISÃO,0,0,0,0,0,0
P4-S01,Av. da Cavalhada / Av. Nonoai / R. Dr. Campos Velho -> Av. Fabio Araujo Santos,1.2,4.7,735259,2023-09-02 00:00:00,08:05:00.0000000,SÁBADO,-30.095149276991798,-51.2257786949502,AV CAVALHADA ,,COLISÃO,0,0,0,0,0,0
P4-S04,Estr. Aracaju -> Rua Amapa,1395.3,8.9,735359,2023-09-05 00:00:00,18:30:00.0000000,TERÇA-FEIRA,-30.10660758542717,-51.22239099969298,AV VICENTE MONTEGGIA ,,COLISÃO,1,0,0,1,0,0
P4-S04,Estr. Aracaju -> Rua Amapa,1458.9,6.9,736150,2023-09-29 00:00:00,09:15:00.0000000,SEXTA-FEIRA,-30.107165997529115,-51.22220080531616,AV VICENTE MONTEGGIA ,,ABALROAMENTO,0,0,0,1,0,0
P4-S07,Estr. Joao Passuelo -> Av. Joao Salomoni / Av. Rodrigues da Fonseca,2652.5,5.0,736209,2023-10-01 00:00:00,00:25:00.0000000,DOMINGO,-30.11338880651166,-51.21294505868652,ESTR JOAO PASSUELO ,,COLISÃO,0,0,0,0,0,0
P4-S01,Av. da Cavalhada / Av. Nonoai / R. Dr. Campos Velho -> Av. Fabio Araujo Santos,7.6,7.1,736246,2023-09-27 00:00:00,10:15:00.0000000,QUARTA-FEIRA,-30.095172928932627,-51.22571295825765,AV VICENTE MONTEGGIA ,AV NONOAI,ABALROAMENTO,0,0,0,0,0,0
P4-S04,Estr. Aracaju -> Rua Amapa,1447.6,6.9,736766,2023-10-09 00:00:00,20:00:00.0000000,SEGUNDA-FEIRA,-30.10705845001354,-51.222238052845874,AV VICENTE MONTEGGIA ,,COLISÃO,1,0,0,0,0,0
P4-S03,Av. Otto Niemeyer -> Estr. Aracaju,1077.9,6.2,737191,2023-10-23 00:00:00,18:44:00.0000000,SEGUNDA-FEIRA,-30.10382299056017,-51.2231385257175,AV VICENTE MONTEGGIA ,,ABALROAMENTO,1,0,0,1,0,0
P4-S01,Av. da Cavalhada / Av. Nonoai / R. Dr. Campos Velho -> Av. Fabio Araujo Santos,124.9,6.7,737199,2023-10-19 00:00:00,18:00:00.0000000,QUINTA-FEIRA,-30.096130186969727,-51.225181876621185,AV VICENTE MONTEGGIA ,,COLISÃO,0,0,0,1,0,0
P4-S03,Av. Otto Niemeyer -> Estr. Aracaju,1027.1,5.3,737432,2023-10-29 00:00:00,,DOMINGO,-30.10335459942812,-51.223119176188455,AV VICENTE MONTEGGIA ,,ABALROAMENTO,0,0,0,0,0,0
P4-S04,Estr. Aracaju -> Rua Amapa,1312.1,4.1,737662,2023-11-06 00:00:00,08:00:00.0000000,SEGUNDA-FEIRA,-30.10585343366115,-51.222476854882046,AV VICENTE MONTEGGIA ,R MODESTO PEREIRA PINTO,ABALROAMENTO,0,0,1,1,0,0
P4-S02,Av. Fabio Araujo Santos -> Av. Otto Niemeyer,331.6,5.1,738068,2023-11-14 00:00:00,14:45:00.0000000,TERÇA-FEIRA,-30.097857000721042,-51.22475916312344,AV VICENTE MONTEGGIA ,,COLISÃO,0,0,0,0,0,0
P4-S01,Av. da Cavalhada / Av. Nonoai / R. Dr. Campos Velho -> Av. Fabio Araujo Santos,16.5,0.1,738117,2023-11-15 00:00:00,13:12:00.0000000,QUARTA-FEIRA,-30.0952743546203,-51.2256949603501,AV VICENTE MONTEGGIA ,AV NONOAI,ABALROAMENTO,1,0,0,0,0,0
P4-S01,Av. da Cavalhada / Av. Nonoai / R. Dr. Campos Velho -> Av. Fabio Araujo Santos,28.7,5.9,738549,2023-11-16 00:00:00,23:35:00.0000000,QUINTA-FEIRA,-30.095324005472992,-51.225568056106574,AV VICENTE MONTEGGIA ,AV CAVALHADA,ABALROAMENTO,0,0,0,0,0,0
P4-S01,Av. da Cavalhada / Av. Nonoai / R. Dr. Campos Velho -> Av. Fabio Araujo Santos,23.4,11.6,739042,2023-12-05 00:00:00,11:00:00.0000000,TERÇA-FEIRA,-30.09525475322759,-51.225557794067015,AV VICENTE MONTEGGIA ,,ABALROAMENTO,1,0,0,1,0,0
P4-S06,Estr. Joao Vedana -> Estr. Joao Passuelo,2132.8,7.2,739243,2023-12-06 00:00:00,09:00:00.0000000,QUARTA-FEIRA,-30.111754329923794,-51.217657669131334,AV VICENTE MONTEGGIA ,,CAPOTAGEM,1,0,0,0,0,0
P4-S03,Av. Otto Niemeyer -> Estr. Aracaju,980.0,8.0,739251,2023-12-07 00:00:00,14:10:00.0000000,QUINTA-FEIRA,-30.102964319650884,-51.22335486604988,AV VICENTE MONTEGGIA ,,QUEDA,1,0,0,1,0,0
P4-S02,Av. Fabio Araujo Santos -> Av. Otto Niemeyer,645.7,6.1,739588,2023-12-14 00:00:00,07:45:00.0000000,QUINTA-FEIRA,-30.100397015539862,-51.22493010737105,AV VICENTE MONTEGGIA ,,ABALROAMENTO,2,0,0,1,0,0
P4-S05,Rua Amapa -> Estr. Joao Vedana,1799.2,5.9,739705,2023-12-13 00:00:00,07:15:00.0000000,QUARTA-FEIRA,-30.109412969952782,-51.219779811467724,AV VICENTE MONTEGGIA ,,COLISÃO,0,0,0,0,0,0
P4-S06,Estr. Joao Vedana -> Estr. Joao Passuelo,1934.0,0.5,739707,2023-12-13 00:00:00,10:50:00.0000000,QUARTA-FEIRA,-30.110429840897705,-51.21902279555799,AV VICENTE MONTEGGIA ,ESTR JOAO VEDANA,ABALROAMENTO,0,0,0,0,0,0
P4-S04,Estr. Aracaju -> Rua Amapa,1370.9,8.7,739978,2023-12-23 00:00:00,09:00:00.0000000,SÁBADO,-30.10639452755594,-51.22245248264165,AV VICENTE MONTEGGIA ,,COLISÃO,1,0,0,1,0,0
P4-S02,Av. Fabio Araujo Santos -> Av. Otto Niemeyer,645.7,6.1,740078,2023-12-11 00:00:00,15:09:00.0000000,SEGUNDA-FEIRA,-30.100397015539862,-51.22493010737105,AV VICENTE MONTEGGIA ,,NAO CADASTRADO,1,0,0,1,0,0
P4-S05,Rua Amapa -> Estr. Joao Vedana,1551.9,9.4,740302,2023-12-19 00:00:00,18:00:00.0000000,TERÇA-FEIRA,-30.10783284229164,-51.22158732265235,AV VICENTE MONTEGGIA ,,ABALROAMENTO,0,0,0,0,0,0
P4-S04,Estr. Aracaju -> Rua Amapa,1213.8,8.3,740383,2023-12-15 00:00:00,21:20:00.0000000,SEXTA-FEIRA,-30.104987202906347,-51.222688034176834,AV VICENTE MONTEGGIA ,,CHOQUE,0,0,0,0,0,0
P4-S03,Av. Otto Niemeyer -> Estr. Aracaju,996.8,10.8,740832,2024-01-11 00:00:00,12:00:00.0000000,QUINTA-FEIRA,-30.103117523045405,-51.22334752231836,AV VICENTE MONTEGGIA ,,COLISÃO,0,0,0,0,0,0
P4-S03,Av. Otto Niemeyer -> Estr. Aracaju,938.6,6.3,740853,2024-01-12 00:00:00,18:00:00.0000000,SEXTA-FEIRA,-30.102573957603393,-51.223297230899334,AV VICENTE MONTEGGIA ,,COLISÃO,0,0,0,1,0,0
P4-S07,Estr. Joao Passuelo -> Av. Joao Salomoni / Av. Rodrigues da Fonseca,2741.3,5.3,741335,2024-01-30 00:00:00,18:45:00.0000000,TERÇA-FEIRA,-30.114141650794842,-51.21260009681672,AV VICENTE MONTEGGIA ,,ABALROAMENTO,1,0,0,1,0,0
P4-S02,Av. Fabio Araujo Santos -> Av. Otto Niemeyer,611.0,6.4,741511,2024-02-01 00:00:00,16:45:00.0000000,QUINTA-FEIRA,-30.10013384392775,-51.22509723261912,AV VICENTE MONTEGGIA ,,COLISÃO,1,0,0,1,0,0
P4-S06,Estr. Joao Vedana -> Estr. Joao Passuelo,1970.1,10.4,741608,2024-02-08 00:00:00,10:40:00.0000000,QUINTA-FEIRA,-30.110647656194928,-51.21872272342444,AV VICENTE MONTEGGIA ,,ABALROAMENTO,0,0,0,1,0,0
P4-S01,Av. da Cavalhada / Av. Nonoai / R. Dr. Campos Velho -> Av. Fabio Araujo Santos,3.3,13.7,741820,2024-02-09 00:00:00,11:30:00.0000000,SEXTA-FEIRA,-30.095102953529175,-51.22569960140025,AV NONOAI ,,COLISÃO,0,0,0,0,0,0
P4-S07,Estr. Joao Passuelo -> Av. Joao Salomoni / Av. Rodrigues da Fonseca,2723.6,4.9,741917,2024-02-15 00:00:00,22:57:00.0000000,QUINTA-FEIRA,-30.11399250824566,-51.21266294069401,AV VICENTE MONTEGGIA ,,ABALROAMENTO,1,0,0,0,0,0
P4-S01,Av. da Cavalhada / Av. Nonoai / R. Dr. Campos Velho -> Av. Fabio Araujo Santos,13.1,0.4,742208,2024-02-23 00:00:00,18:00:00.0000000,SEXTA-FEIRA,-30.095250746686634,-51.225718237038826,AV VICENTE MONTEGGIA ,,ABALROAMENTO,1,0,0,1,0,0
P4-S04,Estr. Aracaju -> Rua Amapa,1243.6,6.2,742432,2024-02-23 00:00:00,07:00:00.0000000,SEXTA-FEIRA,-30.105252678118802,-51.222632387582586,AV VICENTE MONTEGGIA ,,CHOQUE,0,0,0,0,0,0
P4-S01,Av. da Cavalhada / Av. Nonoai / R. Dr. Campos Velho -> Av. Fabio Araujo Santos,124.9,6.7,742531,2024-02-28 00:00:00,18:00:00.0000000,QUARTA-FEIRA,-30.096130186969727,-51.225181876621185,AV VICENTE MONTEGGIA ,,COLISÃO,0,0,0,1,0,0
P4-S01,Av. da Cavalhada / Av. Nonoai / R. Dr. Campos Velho -> Av. Fabio Araujo Santos,2.5,0.7,742628,2024-03-02 00:00:00,11:35:00.0000000,SÁBADO,-30.09518398607204,-51.22579739635811,R DR CAMPOS VELHO ,,COLISÃO,0,0,0,0,0,0
P4-S04,Estr. Aracaju -> Rua Amapa,1461.4,7.2,742661,2024-03-04 00:00:00,07:22:00.0000000,SEGUNDA-FEIRA,-30.107187506851446,-51.22219335517771,AV VICENTE MONTEGGIA ,,COLISÃO,0,0,0,0,0,0
P4-S01,Av. da Cavalhada / Av. Nonoai / R. Dr. Campos Velho -> Av. Fabio Araujo Santos,3.3,13.7,742936,2024-03-12 00:00:00,17:20:00.0000000,TERÇA-FEIRA,-30.095102953529175,-51.22569960140025,AV VICENTE MONTEGGIA ,R DR CAMPOS VELHO,ABALROAMENTO,1,0,0,1,0,0
P4-S07,Estr. Joao Passuelo -> Av. Joao Salomoni / Av. Rodrigues da Fonseca,2667.0,6.5,742958,2024-03-13 00:00:00,17:00:00.0000000,QUARTA-FEIRA,-30.11350651581866,-51.21285784862876,AV VICENTE MONTEGGIA ,,ABALROAMENTO,1,0,0,0,0,0
P4-S05,Rua Amapa -> Estr. Joao Vedana,1476.5,3.0,743102,2024-03-14 00:00:00,10:35:00.0000000,QUINTA-FEIRA,-30.107296553866377,-51.22208923101426,AV VICENTE MONTEGGIA ,R AMAPA,COLISÃO,0,0,0,0,0,0
P4-S01,Av. da Cavalhada / Av. Nonoai / R. Dr. Campos Velho -> Av. Fabio Araujo Santos,1.2,4.7,743359,2024-03-24 00:00:00,20:42:00.0000000,DOMINGO,-30.095149276991798,-51.2257786949502,AV CAVALHADA ,,ABALROAMENTO,1,0,0,1,0,0
P4-S05,Rua Amapa -> Estr. Joao Vedana,1799.2,5.9,743566,2024-02-28 00:00:00,08:35:00.0000000,QUARTA-FEIRA,-30.109412969952782,-51.219779811467724,AV VICENTE MONTEGGIA ,,ABALROAMENTO,1,0,0,1,0,0
P4-S04,Estr. Aracaju -> Rua Amapa,1243.6,6.2,743998,2024-03-28 00:00:00,20:20:00.0000000,QUINTA-FEIRA,-30.105252678118802,-51.222632387582586,AV VICENTE MONTEGGIA ,,ABALROAMENTO,0,0,0,0,0,0
P4-S01,Av. da Cavalhada / Av. Nonoai / R. Dr. Campos Velho -> Av. Fabio Araujo Santos,0.0,27.0,744207,2024-04-09 00:00:00,19:30:00.0000000,TERÇA-FEIRA,-30.09533366848713,-51.226032022296394,AV CAVALHADA ,,COLISÃO,0,0,0,0,0,0
P4-S01,Av. da Cavalhada / Av. Nonoai / R. Dr. Campos Velho -> Av. Fabio Araujo Santos,50.0,7.3,744586,2024-04-18 00:00:00,11:35:00.0000000,QUINTA-FEIRA,-30.095469810910373,-51.22541591714862,AV VICENTE MONTEGGIA ,,COLISÃO,0,0,0,0,0,0
P4-S01,Av. da Cavalhada / Av. Nonoai / R. Dr. Campos Velho -> Av. Fabio Araujo Santos,50.0,7.3,744779,2024-04-18 00:00:00,11:20:00.0000000,QUINTA-FEIRA,-30.095469810910373,-51.22541591714862,AV VICENTE MONTEGGIA ,,ABALROAMENTO,0,0,0,0,0,0
P4-S05,Rua Amapa -> Estr. Joao Vedana,1486.0,8.5,744883,2024-04-17 00:00:00,19:00:00.0000000,QUARTA-FEIRA,-30.107402132867904,-51.22206009788264,AV VICENTE MONTEGGIA ,,COLISÃO,1,0,0,0,0,0
P4-S06,Estr. Joao Vedana -> Estr. Joao Passuelo,2627.4,2.8,744945,2024-04-18 00:00:00,08:20:00.0000000,QUINTA-FEIRA,-30.113257159997815,-51.2131773447243,AV VICENTE MONTEGGIA ,,ABALROAMENTO,1,0,0,1,0,0
P4-S01,Av. da Cavalhada / Av. Nonoai / R. Dr. Campos Velho -> Av. Fabio Araujo Santos,213.8,0.3,745222,2024-04-28 00:00:00,16:25:00.0000000,DOMINGO,-30.096827179997344,-51.22472416609526,AV VICENTE MONTEGGIA ,AV FABIO ARAUJO SANTOS,ABALROAMENTO,0,0,0,0,0,0
P4-S06,Estr. Joao Vedana -> Estr. Joao Passuelo,2620.5,4.3,745359,2024-05-05 00:00:00,20:38:00.0000000,DOMINGO,-30.11321788463741,-51.213234800403676,AV VICENTE MONTEGGIA ,,NAO CADASTRADO,3,0,0,0,0,0
P4-S06,Estr. Joao Vedana -> Estr. Joao Passuelo,2623.6,8.7,745402,2024-05-09 00:00:00,10:30:00.0000000,QUINTA-FEIRA,-30.113165091378747,-51.21311058515368,AV VICENTE MONTEGGIA ,,COLISÃO,3,0,0,0,0,0
P4-S01,Av. da Cavalhada / Av. Nonoai / R. Dr. Campos Velho -> Av. Fabio Araujo Santos,13.1,0.4,745451,2024-05-08 00:00:00,20:00:00.0000000,QUARTA-FEIRA,-30.095250746686634,-51.225718237038826,AV VICENTE MONTEGGIA ,,ATROPELAMENTO,1,0,0,0,0,0
P4-S01,Av. da Cavalhada / Av. Nonoai / R. Dr. Campos Velho -> Av. Fabio Araujo Santos,6.2,23.7,745457,2024-05-14 00:00:00,11:23:00.0000000,TERÇA-FEIRA,-30.09505459631314,-51.225606554317395,AV NONOAI ,,ABALROAMENTO,0,0,0,0,0,0
P4-S03,Av. Otto Niemeyer -> Estr. Aracaju,926.5,9.5,745845,2024-05-07 00:00:00,08:30:00.0000000,TERÇA-FEIRA,-30.102496759679475,-51.223483842763486,AV VICENTE MONTEGGIA ,,ABALROAMENTO,1,0,0,1,0,0
P4-S04,Estr. Aracaju -> Rua Amapa,1220.4,7.2,746376,2024-05-28 00:00:00,09:10:00.0000000,TERÇA-FEIRA,-30.105047173387472,-51.222682091687446,AV VICENTE MONTEGGIA ,,ABALROAMENTO,1,0,0,1,0,0
P4-S05,Rua Amapa -> Estr. Joao Vedana,1711.3,5.5,746574,2024-06-23 00:00:00,06:20:00.0000000,DOMINGO,-30.108767546483172,-51.220317604710765,AV VICENTE MONTEGGIA ,,NAO CADASTRADO,1,0,0,0,0,0
P4-S02,Av. Fabio Araujo Santos -> Av. Otto Niemeyer,655.3,3.9,746961,2024-07-05 00:00:00,18:00:00.0000000,SEXTA-FEIRA,-30.100481543361386,-51.22488400605547,AV VICENTE MONTEGGIA ,,QUEDA,1,0,0,1,0,0
P4-S02,Av. Fabio Araujo Santos -> Av. Otto Niemeyer,328.4,6.8,747268,2024-07-13 00:00:00,09:10:00.0000000,SÁBADO,-30.097782976842016,-51.22485533720012,AV VICENTE MONTEGGIA ,,NAO CADASTRADO,1,1,0,1,0,0
P4-S04,Estr. Aracaju -> Rua Amapa,1328.2,8.3,747578,2024-07-19 00:00:00,08:42:00.0000000,SEXTA-FEIRA,-30.10602167710292,-51.22256007587907,AV VICENTE MONTEGGIA ,,COLISÃO,1,0,0,0,0,0
P4-S02,Av. Fabio Araujo Santos -> Av. Otto Niemeyer,407.6,10.1,747811,2024-07-24 00:00:00,07:20:00.0000000,QUARTA-FEIRA,-30.09846344124357,-51.225140020223996,AV VICENTE MONTEGGIA ,,EVENTUAL,0,0,0,0,0,0
P4-S02,Av. Fabio Araujo Santos -> Av. Otto Niemeyer,328.4,6.8,748000,2024-07-29 00:00:00,18:22:00.0000000,SEGUNDA-FEIRA,-30.097782976842016,-51.22485533720012,AV VICENTE MONTEGGIA ,AV FABIO ARAUJO SANTOS,ABALROAMENTO,1,0,0,1,0,0
P4-S07,Estr. Joao Passuelo -> Av. Joao Salomoni / Av. Rodrigues da Fonseca,2815.1,5.5,748080,2024-07-25 00:00:00,18:15:00.0000000,QUINTA-FEIRA,-30.114793575000526,-51.212467758849165,AV VICENTE MONTEGGIA ,,CHOQUE,0,0,0,0,0,0
P4-S01,Av. da Cavalhada / Av. Nonoai / R. Dr. Campos Velho -> Av. Fabio Araujo Santos,1.2,4.7,748184,2024-08-05 00:00:00,19:25:00.0000000,SEGUNDA-FEIRA,-30.095149276991798,-51.2257786949502,AV CAVALHADA ,R DR CAMPOS VELHO,ABALROAMENTO,1,1,0,1,0,0
P4-S06,Estr. Joao Vedana -> Estr. Joao Passuelo,1942.9,6.3,748256,2024-08-07 00:00:00,07:18:00.0000000,QUARTA-FEIRA,-30.11046064718624,-51.218918833344645,AV VICENTE MONTEGGIA ,,ABALROAMENTO,1,0,0,1,0,0
P4-S06,Estr. Joao Vedana -> Estr. Joao Passuelo,2634.2,1.4,748451,2024-08-13 00:00:00,13:30:00.0000000,TERÇA-FEIRA,-30.113296435334778,-51.21311988796182,AV VICENTE MONTEGGIA ,,COLISÃO,0,0,0,0,0,0
P4-S03,Av. Otto Niemeyer -> Estr. Aracaju,689.9,6.1,748477,2024-08-07 00:00:00,09:30:00.0000000,QUARTA-FEIRA,-30.100793571312163,-51.22478216886521,AV VICENTE MONTEGGIA ,AV OTTO NIEMEYER,ABALROAMENTO,0,0,0,1,0,0
P4-S04,Estr. Aracaju -> Rua Amapa,1283.5,4.9,748511,2024-08-10 00:00:00,20:33:00.0000000,SÁBADO,-30.105602872048838,-51.22254225797601,AV VICENTE MONTEGGIA ,,ABALROAMENTO,1,0,0,1,0,0
P4-S02,Av. Fabio Araujo Santos -> Av. Otto Niemeyer,292.7,3.2,749115,2024-08-25 00:00:00,21:00:00.0000000,DOMINGO,-30.097525681030273,-51.224607761567604,AV VICENTE MONTEGGIA ,,QUEDA,1,1,0,1,0,0
P4-S02,Av. Fabio Araujo Santos -> Av. Otto Niemeyer,411.6,8.0,749226,2024-08-19 00:00:00,07:25:00.0000000,SEGUNDA-FEIRA,-30.098405234015775,-51.22532069681257,AV VICENTE MONTEGGIA ,,COLISÃO,0,0,0,0,0,1
P4-S01,Av. da Cavalhada / Av. Nonoai / R. Dr. Campos Velho -> Av. Fabio Araujo Santos,0.0,21.3,749358,2024-09-02 00:00:00,18:52:00.0000000,SEGUNDA-FEIRA,-30.094998397776653,-51.22591123776519,R DR CAMPOS VELHO ,AV CAVALHADA,ABALROAMENTO,1,0,0,0,0,0
P4-S07,Estr. Joao Passuelo -> Av. Joao Salomoni / Av. Rodrigues da Fonseca,2888.7,2.5,749708,2024-09-06 00:00:00,17:50:00.0000000,SEXTA-FEIRA,-30.115423605530154,-51.21251383075185,AV VICENTE MONTEGGIA ,,ABALROAMENTO,1,0,0,0,0,0
P4-S01,Av. da Cavalhada / Av. Nonoai / R. Dr. Campos Velho -> Av. Fabio Araujo Santos,3.3,13.7,749722,2024-09-07 00:00:00,03:20:00.0000000,SÁBADO,-30.095102953529175,-51.22569960140025,AV NONOAI ,,ABALROAMENTO,1,1,0,1,0,0
P4-S03,Av. Otto Niemeyer -> Estr. Aracaju,705.3,5.0,749759,2024-08-30 00:00:00,19:45:00.0000000,SEXTA-FEIRA,-30.100862881951997,-51.22460231786786,AV VICENTE MONTEGGIA ,,ABALROAMENTO,0,0,0,0,0,1
P4-S03,Av. Otto Niemeyer -> Estr. Aracaju,689.1,0.0,749974,2024-09-09 00:00:00,00:05:00.0000000,SEGUNDA-FEIRA,-30.100758606511885,-51.224732893276865,AV VICENTE MONTEGGIA ,,CHOQUE,1,0,0,0,0,0
P4-S06,Estr. Joao Vedana -> Estr. Joao Passuelo,2578.8,5.9,760008,2024-09-18 00:00:00,16:45:00.0000000,QUARTA-FEIRA,-30.11298907614139,-51.21356839512966,AV VICENTE MONTEGGIA ,,ATROPELAMENTO,1,0,0,0,0,0
P4-S01,Av. da Cavalhada / Av. Nonoai / R. Dr. Campos Velho -> Av. Fabio Araujo Santos,6.2,23.7,760241,2024-09-12 00:00:00,14:43:00.0000000,QUINTA-FEIRA,-30.09505459631314,-51.225606554317395,AV NONOAI ,,COLISÃO,0,0,0,0,0,0
P4-S04,Estr. Aracaju -> Rua Amapa,1243.6,6.2,760342,2024-09-16 00:00:00,15:40:00.0000000,SEGUNDA-FEIRA,-30.105252678118802,-51.222632387582586,AV VICENTE MONTEGGIA ,,COLISÃO,0,0,0,0,0,0
P4-S03,Av. Otto Niemeyer -> Estr. Aracaju,1067.4,5.5,760553,2024-09-30 00:00:00,18:20:00.0000000,SEGUNDA-FEIRA,-30.10372886120246,-51.223150324332934,AV VICENTE MONTEGGIA ,,NAO CADASTRADO,1,1,0,1,0,0
P4-S07,Estr. Joao Passuelo -> Av. Joao Salomoni / Av. Rodrigues da Fonseca,2900.8,60.3,760740,2024-09-24 00:00:00,17:00:00.0000000,TERÇA-FEIRA,-30.11573677249417,-51.21195286193457,R ATILIO SUPERTTI ,,COLISÃO,0,0,0,1,0,0
P4-S03,Av. Otto Niemeyer -> Estr. Aracaju,1009.1,7.2,761427,2024-09-11 00:00:00,22:50:00.0000000,QUARTA-FEIRA,-30.103219352790138,-51.22328451442174,AV VICENTE MONTEGGIA ,,COLISÃO,0,0,0,0,0,0
P4-S02,Av. Fabio Araujo Santos -> Av. Otto Niemeyer,292.7,3.2,761488,2024-10-19 00:00:00,10:30:00.0000000,SÁBADO,-30.097525681030273,-51.224607761567604,AV VICENTE MONTEGGIA ,,QUEDA,1,0,0,1,0,0
P4-S01,Av. da Cavalhada / Av. Nonoai / R. Dr. Campos Velho -> Av. Fabio Araujo Santos,15.7,20.9,761562,2024-10-20 00:00:00,11:18:00.0000000,DOMINGO,-30.095145014128505,-51.225537874630305,AV NONOAI ,,ABALROAMENTO,1,0,0,1,0,0
P4-S02,Av. Fabio Araujo Santos -> Av. Otto Niemeyer,417.8,5.7,761761,2024-10-15 00:00:00,09:50:00.0000000,TERÇA-FEIRA,-30.09851908699022,-51.22523595676548,AV VICENTE MONTEGGIA ,,COLISÃO,0,0,0,0,0,0
P4-S06,Estr. Joao Vedana -> Estr. Joao Passuelo,1935.9,2.4,761829,2024-10-29 00:00:00,17:30:00.0000000,TERÇA-FEIRA,-30.110459134327808,-51.219034194946296,AV VICENTE MONTEGGIA ,ESTR JOAO VEDANA,ABALROAMENTO,0,0,1,2,0,0
P4-S06,Estr. Joao Vedana -> Estr. Joao Passuelo,1937.0,6.5,761860,2024-10-28 00:00:00,07:56:00.0000000,SEGUNDA-FEIRA,-30.110417717177963,-51.21895493428262,AV VICENTE MONTEGGIA ,,COLISÃO,2,1,0,1,0,0
P4-S01,Av. da Cavalhada / Av. Nonoai / R. Dr. Campos Velho -> Av. Fabio Araujo Santos,35.9,9.6,762262,2024-10-23 00:00:00,16:15:00.0000000,QUARTA-FEIRA,-30.095352079044357,-51.22549025961664,AV VICENTE MONTEGGIA ,,COLISÃO,0,0,0,0,0,0
P4-S05,Rua Amapa -> Estr. Joao Vedana,1502.3,8.2,762319,2024-11-03 00:00:00,12:30:00.0000000,DOMINGO,-30.107505990978385,-51.22194106094844,R DR CAMPOS VELHO ,,ABALROAMENTO,1,0,0,1,0,0
P4-S01,Av. da Cavalhada / Av. Nonoai / R. Dr. Campos Velho -> Av. Fabio Araujo Santos,13.1,0.4,762532,2024-11-04 00:00:00,11:00:00.0000000,SEGUNDA-FEIRA,-30.095250746686634,-51.225718237038826,AV VICENTE MONTEGGIA ,,ABALROAMENTO,1,0,0,1,0,0
P4-S05,Rua Amapa -> Estr. Joao Vedana,1753.1,2.4,762584,2024-11-10 00:00:00,18:10:00.0000000,DOMINGO,-30.10907357286918,-51.2200603994672,AV VICENTE MONTEGGIA ,,COLISÃO,0,0,0,1,0,0
P4-S06,Estr. Joao Vedana -> Estr. Joao Passuelo,2258.2,6.6,762702,2024-11-05 00:00:00,14:06:00.0000000,TERÇA-FEIRA,-30.112425122280996,-51.21669499458367,AV VICENTE MONTEGGIA ,,ABALROAMENTO,2,0,0,1,0,0
P4-S07,Estr. Joao Passuelo -> Av. Joao Salomoni / Av. Rodrigues da Fonseca,2815.1,5.5,762976,2024-11-19 00:00:00,18:45:00.0000000,TERÇA-FEIRA,-30.114793575000526,-51.212467758849165,AV VICENTE MONTEGGIA ,,COLISÃO,1,0,0,1,0,0
P4-S04,Estr. Aracaju -> Rua Amapa,1471.5,9.6,763134,2024-11-09 00:00:00,10:00:00.0000000,SÁBADO,-30.107209283043165,-51.221991330385215,R AMAPA ,AV VICENTE MONTEGGIA,ABALROAMENTO,0,0,0,0,0,0
P4-S06,Estr. Joao Vedana -> Estr. Joao Passuelo,1993.5,8.2,763626,2024-11-29 00:00:00,07:31:00.0000000,SEXTA-FEIRA,-30.110833696427516,-51.218607040227646,AV VICENTE MONTEGGIA ,,ATROPELAMENTO,1,1,0,1,0,0
P4-S05,Rua Amapa -> Estr. Joao Vedana,1481.9,7.9,763846,2024-11-30 00:00:00,15:30:00.0000000,SÁBADO,-30.107273585608336,-51.22196611266349,R AMAPA ,,CHOQUE,1,0,0,0,0,0
P4-S01,Av. da Cavalhada / Av. Nonoai / R. Dr. Campos Velho -> Av. Fabio Araujo Santos,16.4,30.2,764000,2024-12-03 00:00:00,16:00:00.0000000,TERÇA-FEIRA,-30.095101200373275,-51.225454432886735,AV NONOAI ,,COLISÃO,0,0,0,0,0,0
P4-S03,Av. Otto Niemeyer -> Estr. Aracaju,1024.8,5.2,764280,2024-12-15 00:00:00,11:40:00.0000000,DOMINGO,-30.103334811900677,-51.22312463461003,AV VICENTE MONTEGGIA ,,COLISÃO,1,0,0,1,0,0
P4-S01,Av. da Cavalhada / Av. Nonoai / R. Dr. Campos Velho -> Av. Fabio Araujo Santos,6.2,23.7,764287,2024-12-15 00:00:00,19:40:00.0000000,DOMINGO,-30.09505459631314,-51.225606554317395,AV NONOAI ,,ATROPELAMENTO,1,1,0,0,0,0
P4-S03,Av. Otto Niemeyer -> Estr. Aracaju,689.1,0.0,764357,2024-12-16 00:00:00,08:00:00.0000000,SEGUNDA-FEIRA,-30.100758606511885,-51.224732893276865,AV VICENTE MONTEGGIA ,,ABALROAMENTO,0,0,0,1,0,0
P4-S03,Av. Otto Niemeyer -> Estr. Aracaju,735.6,5.3,764547,2024-11-04 00:00:00,07:30:00.0000000,SEGUNDA-FEIRA,-30.101050438131384,-51.22439876483392,AV VICENTE MONTEGGIA ,,CHOQUE,1,0,0,0,0,0
P4-S03,Av. Otto Niemeyer -> Estr. Aracaju,1069.1,5.7,764654,2024-12-19 00:00:00,16:25:00.0000000,QUINTA-FEIRA,-30.103743955061496,-51.22314864844619,AV VICENTE MONTEGGIA ,,ABALROAMENTO,1,0,0,1,0,0
P4-S05,Rua Amapa -> Estr. Joao Vedana,1602.0,6.3,764982,2024-12-13 00:00:00,07:20:00.0000000,SEXTA-FEIRA,-30.108132999607577,-51.22119659206289,AV VICENTE MONTEGGIA ,,ABALROAMENTO,0,0,0,1,0,0
P4-S01,Av. da Cavalhada / Av. Nonoai / R. Dr. Campos Velho -> Av. Fabio Araujo Santos,8.4,31.2,765187,2024-12-25 00:00:00,10:59:00.0000000,QUARTA-FEIRA,-30.095018327681657,-51.22553676854425,AV NONOAI ,,ABALROAMENTO,0,0,0,0,0,0
P4-S02,Av. Fabio Araujo Santos -> Av. Otto Niemeyer,316.7,7.2,765225,2024-12-13 00:00:00,17:45:00.0000000,SEXTA-FEIRA,-30.097687824863293,-51.22480300730309,AV VICENTE MONTEGGIA ,,COLISÃO,0,0,0,1,0,0
P4-S01,Av. da Cavalhada / Av. Nonoai / R. Dr. Campos Velho -> Av. Fabio Araujo Santos,1.2,4.7,765697,2025-01-13 00:00:00,08:35:00.0000000,SEGUNDA-FEIRA,-30.095149276991798,-51.2257786949502,AV CAVALHADA ,,COLISÃO,0,0,0,0,0,0
P4-S03,Av. Otto Niemeyer -> Estr. Aracaju,689.1,0.0,765984,2025-01-21 00:00:00,06:30:00.0000000,TERÇA-FEIRA,-30.100758606511885,-51.224732893276865,AV VICENTE MONTEGGIA ,,ABALROAMENTO,0,0,0,0,0,0
P4-S05,Rua Amapa -> Estr. Joao Vedana,1799.2,5.9,766224,2025-01-24 00:00:00,14:15:00.0000000,SEXTA-FEIRA,-30.109412969952782,-51.219779811467724,AV VICENTE MONTEGGIA ,,ABALROAMENTO,2,0,0,1,0,0
P4-S06,Estr. Joao Vedana -> Estr. Joao Passuelo,2328.6,7.0,766344,2025-01-23 00:00:00,14:30:00.0000000,QUINTA-FEIRA,-30.112408295691726,-51.21598018622842,AV VICENTE MONTEGGIA ,,NAO CADASTRADO,1,0,0,0,1,0
P4-S07,Estr. Joao Passuelo -> Av. Joao Salomoni / Av. Rodrigues da Fonseca,2900.8,3.4,766424,2025-01-31 00:00:00,18:20:00.0000000,SEXTA-FEIRA,-30.115550453760488,-51.21250512477582,ESTR JOAO SALOMONI ,,COLISÃO,0,0,0,0,0,0
P4-S05,Rua Amapa -> Estr. Joao Vedana,1919.3,7.4,766685,2025-01-28 00:00:00,13:03:00.0000000,TERÇA-FEIRA,-30.11028927529204,-51.219056208158676,AV VICENTE MONTEGGIA ,,ABALROAMENTO,1,0,0,1,0,0
P4-S01,Av. da Cavalhada / Av. Nonoai / R. Dr. Campos Velho -> Av. Fabio Araujo Santos,7.6,7.0,767005,2025-02-07 00:00:00,16:40:00.0000000,SEXTA-FEIRA,-30.095173164621638,-51.22571390122176,AV NONOAI ,R DR CAMPOS VELHO,COLISÃO,0,0,0,0,0,0
P4-S01,Av. da Cavalhada / Av. Nonoai / R. Dr. Campos Velho -> Av. Fabio Araujo Santos,126.7,6.7,767130,2025-02-14 00:00:00,14:00:00.0000000,SEXTA-FEIRA,-30.09614408654209,-51.2251738629364,AV VICENTE MONTEGGIA ,,CHOQUE,1,0,0,1,0,0
P4-S01,Av. da Cavalhada / Av. Nonoai / R. Dr. Campos Velho -> Av. Fabio Araujo Santos,13.1,0.4,767409,2025-02-19 00:00:00,08:10:00.0000000,QUARTA-FEIRA,-30.095250746686634,-51.225718237038826,AV VICENTE MONTEGGIA ,,ABALROAMENTO,0,0,0,0,0,0
P4-S06,Estr. Joao Vedana -> Estr. Joao Passuelo,1973.8,7.5,767657,2025-02-25 00:00:00,17:35:00.0000000,TERÇA-FEIRA,-30.110690134018423,-51.21872675252069,AV VICENTE MONTEGGIA ,,COLISÃO,0,0,0,0,0,0
P4-S06,Estr. Joao Vedana -> Estr. Joao Passuelo,2001.4,8.5,767662,2025-02-18 00:00:00,18:00:00.0000000,TERÇA-FEIRA,-30.110891122550967,-51.21855919858689,AV VICENTE MONTEGGIA ,,COLISÃO,0,0,0,0,0,0
P4-S02,Av. Fabio Araujo Santos -> Av. Otto Niemeyer,312.1,7.5,767756,2025-02-25 00:00:00,13:50:00.0000000,TERÇA-FEIRA,-30.09764902812838,-51.22478387635468,AV VICENTE MONTEGGIA ,,ABALROAMENTO,1,1,0,1,0,0
P4-S01,Av. da Cavalhada / Av. Nonoai / R. Dr. Campos Velho -> Av. Fabio Araujo Santos,1.2,4.7,767808,2025-03-04 00:00:00,11:25:00.0000000,TERÇA-FEIRA,-30.095149276991798,-51.2257786949502,AV CAVALHADA ,,COLISÃO,3,0,0,0,0,0
P4-S01,Av. da Cavalhada / Av. Nonoai / R. Dr. Campos Velho -> Av. Fabio Araujo Santos,1.2,4.7,767936,2025-02-26 00:00:00,07:55:00.0000000,QUARTA-FEIRA,-30.095149276991798,-51.2257786949502,AV CAVALHADA ,,COLISÃO,0,0,0,0,0,0
P4-S05,Rua Amapa -> Estr. Joao Vedana,1647.5,7.6,768085,2025-02-27 00:00:00,12:00:00.0000000,QUINTA-FEIRA,-30.10833400073467,-51.220760345504466,AV VICENTE MONTEGGIA ,,EVENTUAL,0,0,0,0,0,0
P4-S01,Av. da Cavalhada / Av. Nonoai / R. Dr. Campos Velho -> Av. Fabio Araujo Santos,35.9,9.6,768339,2025-03-07 00:00:00,18:30:00.0000000,SEXTA-FEIRA,-30.095352079044357,-51.22549025961664,AV VICENTE MONTEGGIA ,,ABALROAMENTO,1,0,0,1,0,1
P4-S04,Estr. Aracaju -> Rua Amapa,1370.9,8.7,768344,2025-03-10 00:00:00,19:10:00.0000000,SEGUNDA-FEIRA,-30.10639452755594,-51.22245248264165,AV VICENTE MONTEGGIA ,,COLISÃO,1,0,0,1,0,0
P4-S04,Estr. Aracaju -> Rua Amapa,1458.9,6.9,768397,2025-03-09 00:00:00,11:50:00.0000000,DOMINGO,-30.107165997529115,-51.22220080531616,AV VICENTE MONTEGGIA ,,COLISÃO,0,0,0,0,0,0
P4-S05,Rua Amapa -> Estr. Joao Vedana,1476.6,2.9,768412,2025-03-10 00:00:00,17:30:00.0000000,SEGUNDA-FEIRA,-30.107296553866377,-51.22208788990976,AV VICENTE MONTEGGIA ,R AMAPA,COLISÃO,0,0,0,0,0,0
P4-S01,Av. da Cavalhada / Av. Nonoai / R. Dr. Campos Velho -> Av. Fabio Araujo Santos,13.1,0.4,768479,2025-03-10 00:00:00,18:00:00.0000000,SEGUNDA-FEIRA,-30.095250746686634,-51.225718237038826,AV VICENTE MONTEGGIA ,,NAO CADASTRADO,0,0,0,1,0,0
P4-S06,Estr. Joao Vedana -> Estr. Joao Passuelo,2623.6,8.7,768523,2025-03-12 00:00:00,18:35:00.0000000,QUARTA-FEIRA,-30.113165091378747,-51.21311058515368,AV VICENTE MONTEGGIA ,,NAO CADASTRADO,2,1,0,1,0,0
P4-S05,Rua Amapa -> Estr. Joao Vedana,1506.4,8.1,768527,2025-03-18 00:00:00,13:40:00.0000000,TERÇA-FEIRA,-30.107532084396713,-51.22191135539728,AV VICENTE MONTEGGIA ,,ABALROAMENTO,2,0,0,1,0,0
P4-S06,Estr. Joao Vedana -> Estr. Joao Passuelo,2063.4,7.6,769127,2025-03-22 00:00:00,17:24:00.0000000,SÁBADO,-30.111310907253717,-51.218164767983694,AV VICENTE MONTEGGIA ,,ABALROAMENTO,1,0,0,1,0,0
P4-S07,Estr. Joao Passuelo -> Av. Joao Salomoni / Av. Rodrigues da Fonseca,2888.7,2.5,769207,2025-05-02 00:00:00,12:38:00.0000000,SEXTA-FEIRA,-30.115423605530154,-51.21251383075185,AV VICENTE MONTEGGIA ,,ATROPELAMENTO,1,1,0,1,0,0
P4-S01,Av. da Cavalhada / Av. Nonoai / R. Dr. Campos Velho -> Av. Fabio Araujo Santos,0.0,12.8,769226,2025-03-28 00:00:00,12:40:00.0000000,SEXTA-FEIRA,-30.095068010865234,-51.225766981566295,R DR CAMPOS VELHO ,,COLISÃO,0,0,0,0,0,0
P4-S01,Av. da Cavalhada / Av. Nonoai / R. Dr. Campos Velho -> Av. Fabio Araujo Santos,13.1,0.4,769247,2025-03-25 00:00:00,19:40:00.0000000,TERÇA-FEIRA,-30.095250746686634,-51.225718237038826,AV VICENTE MONTEGGIA ,,COLISÃO,0,0,0,0,0,0
P4-S07,Estr. Joao Passuelo -> Av. Joao Salomoni / Av. Rodrigues da Fonseca,2900.8,3.4,769303,2025-03-26 00:00:00,09:35:00.0000000,QUARTA-FEIRA,-30.115550453760488,-51.21250512477582,ESTR JOAO SALOMONI ,,COLISÃO,0,0,0,0,0,0
P4-S04,Estr. Aracaju -> Rua Amapa,1202.9,4.4,769409,2025-02-26 00:00:00,20:00:00.0000000,QUARTA-FEIRA,-30.10492197328003,-51.222844582994,AV VICENTE MONTEGGIA ,,COLISÃO,0,0,0,0,0,0
P4-S01,Av. da Cavalhada / Av. Nonoai / R. Dr. Campos Velho -> Av. Fabio Araujo Santos,197.5,6.0,769919,2025-04-18 00:00:00,15:33:00.0000000,SEXTA-FEIRA,-30.0966724007218,-51.22474174036184,AV VICENTE MONTEGGIA ,,ABALROAMENTO,1,1,0,1,0,0
P4-S01,Av. da Cavalhada / Av. Nonoai / R. Dr. Campos Velho -> Av. Fabio Araujo Santos,17.4,39.3,770234,2025-03-29 00:00:00,04:13:00.0000000,SÁBADO,-30.095056037558244,-51.225374897110164,AV NONOAI ,,QUEDA,1,1,0,1,0,0
P4-S07,Estr. Joao Passuelo -> Av. Joao Salomoni / Av. Rodrigues da Fonseca,2815.1,5.5,770284,2025-04-04 00:00:00,18:10:00.0000000,SEXTA-FEIRA,-30.114793575000526,-51.212467758849165,AV VICENTE MONTEGGIA ,,COLISÃO,1,0,0,1,0,0
P4-S03,Av. Otto Niemeyer -> Estr. Aracaju,999.9,4.5,770313,2025-04-08 00:00:00,10:00:00.0000000,TERÇA-FEIRA,-30.10311715539703,-51.223184676082134,AV VICENTE MONTEGGIA ,,ABALROAMENTO,1,0,0,1,0,0
P4-S01,Av. da Cavalhada / Av. Nonoai / R. Dr. Campos Velho -> Av. Fabio Araujo Santos,8.0,6.9,770323,2025-04-14 00:00:00,08:06:00.0000000,SEGUNDA-FEIRA,-30.095176645566948,-51.22571155428887,AV NONOAI ,AV VICENTE MONTEGGIA,COLISÃO,0,0,0,0,0,0
P4-S02,Av. Fabio Araujo Santos -> Av. Otto Niemeyer,348.0,7.0,770410,2025-04-09 00:00:00,13:20:00.0000000,QUARTA-FEIRA,-30.097930634420496,-51.22495058038453,AV VICENTE MONTEGGIA ,,COLISÃO,0,0,0,0,0,0
P4-S06,Estr. Joao Vedana -> Estr. Joao Passuelo,2063.4,7.6,770586,2025-04-29 00:00:00,16:40:00.0000000,TERÇA-FEIRA,-30.111310907253717,-51.218164767983694,AV VICENTE MONTEGGIA ,,QUEDA,1,0,0,1,0,0
P4-S04,Estr. Aracaju -> Rua Amapa,1468.4,15.3,770757,2025-04-18 00:00:00,17:45:00.0000000,SEXTA-FEIRA,-30.10716257780843,-51.22194994150706,R AMAPA ,,ABALROAMENTO,0,0,0,0,0,0
P4-S07,Estr. Joao Passuelo -> Av. Joao Salomoni / Av. Rodrigues da Fonseca,2837.8,5.4,770789,2025-05-07 00:00:00,16:10:00.0000000,QUARTA-FEIRA,-30.114987983631078,-51.212440348100095,AV VICENTE MONTEGGIA ,,COLISÃO,1,0,0,1,0,0
P4-S06,Estr. Joao Vedana -> Estr. Joao Passuelo,2630.4,10.1,770852,2025-04-18 00:00:00,15:30:00.0000000,SEXTA-FEIRA,-30.113203925420358,-51.21305377493194,AV VICENTE MONTEGGIA ,,CHOQUE,1,0,0,1,0,0
P4-S06,Estr. Joao Vedana -> Estr. Joao Passuelo,2277.0,6.1,770945,2025-04-26 00:00:00,07:14:00.0000000,SÁBADO,-30.112556884824702,-51.2165071907375,AV VICENTE MONTEGGIA ,,QUEDA,0,0,0,1,0,0
P4-S07,Estr. Joao Passuelo -> Av. Joao Salomoni / Av. Rodrigues da Fonseca,2895.1,4.7,771062,2025-05-28 00:00:00,11:03:00.0000000,QUARTA-FEIRA,-30.115499795233386,-51.212469488382354,AV VICENTE MONTEGGIA ,ESTR JOAO SALOMONI,COLISÃO,0,0,0,0,0,0
P4-S06,Estr. Joao Vedana -> Estr. Joao Passuelo,2516.5,7.2,771138,2025-05-01 00:00:00,18:45:00.0000000,QUINTA-FEIRA,-30.112556247577967,-51.21400102888457,AV VICENTE MONTEGGIA ,R ANGELO PASSUELO,ABALROAMENTO,1,0,0,1,0,0
P4-S01,Av. da Cavalhada / Av. Nonoai / R. Dr. Campos Velho -> Av. Fabio Araujo Santos,35.9,9.6,771353,2025-05-06 00:00:00,09:48:00.0000000,TERÇA-FEIRA,-30.095352079044357,-51.22549025961664,AV VICENTE MONTEGGIA ,,COLISÃO,0,0,0,0,0,0
P4-S07,Estr. Joao Passuelo -> Av. Joao Salomoni / Av. Rodrigues da Fonseca,2895.3,4.5,771484,2025-05-03 00:00:00,22:00:00.0000000,SÁBADO,-30.115500955309866,-51.21247217059136,AV VICENTE MONTEGGIA ,AV RODRIGUES DA FONSECA,COLISÃO,0,0,0,0,0,0
P4-S07,Estr. Joao Passuelo -> Av. Joao Salomoni / Av. Rodrigues da Fonseca,2814.1,0.2,771566,2025-05-17 00:00:00,21:00:00.0000000,SÁBADO,-30.11477822502751,-51.21241047978402,AV VICENTE MONTEGGIA ,,COLISÃO,0,0,0,1,0,0
P4-S01,Av. da Cavalhada / Av. Nonoai / R. Dr. Campos Velho -> Av. Fabio Araujo Santos,13.1,0.4,772075,2025-05-15 00:00:00,21:00:00.0000000,QUINTA-FEIRA,-30.095250746686634,-51.225718237038826,AV VICENTE MONTEGGIA ,,COLISÃO,1,0,0,1,0,0
P4-S05,Rua Amapa -> Estr. Joao Vedana,1933.9,0.5,772115,2025-04-30 00:00:00,11:10:00.0000000,QUARTA-FEIRA,-30.11042897079569,-51.21902346611023,AV VICENTE MONTEGGIA ,ESTR JOAO VEDANA,COLISÃO,0,0,0,0,0,0
P4-S01,Av. da Cavalhada / Av. Nonoai / R. Dr. Campos Velho -> Av. Fabio Araujo Santos,126.7,6.7,772171,2025-05-16 00:00:00,18:00:00.0000000,SEXTA-FEIRA,-30.09614408654209,-51.2251738629364,AV VICENTE MONTEGGIA ,,COLISÃO,1,0,0,1,0,0
P4-S01,Av. da Cavalhada / Av. Nonoai / R. Dr. Campos Velho -> Av. Fabio Araujo Santos,1.2,4.7,772179,2025-07-17 00:00:00,19:11:00.0000000,QUINTA-FEIRA,-30.095149276991798,-51.2257786949502,AV CAVALHADA ,,ABALROAMENTO,1,1,0,2,0,0
P4-S03,Av. Otto Niemeyer -> Estr. Aracaju,705.3,5.0,772226,2025-05-17 00:00:00,14:17:00.0000000,SÁBADO,-30.100862881951997,-51.22460231786786,AV VICENTE MONTEGGIA ,,COLISÃO,1,0,0,1,0,0
P4-S07,Estr. Joao Passuelo -> Av. Joao Salomoni / Av. Rodrigues da Fonseca,2741.3,5.3,772280,2025-05-17 00:00:00,20:20:00.0000000,SÁBADO,-30.114141650794842,-51.21260009681672,AV VICENTE MONTEGGIA ,,ABALROAMENTO,1,0,0,1,0,0
P4-S02,Av. Fabio Araujo Santos -> Av. Otto Niemeyer,355.2,6.8,772379,2025-05-22 00:00:00,12:20:00.0000000,QUINTA-FEIRA,-30.097985976497473,-51.224990154300826,AV VICENTE MONTEGGIA ,AV FABIO ARAUJO SANTOS,ABALROAMENTO,0,0,0,0,0,0
P4-S03,Av. Otto Niemeyer -> Estr. Aracaju,689.4,5.9,772545,2025-05-18 00:00:00,17:15:00.0000000,DOMINGO,-30.100788930315446,-51.224783509969726,AV VICENTE MONTEGGIA ,AV OTTO NIEMEYER,EVENTUAL,0,0,0,0,0,0
P4-S06,Estr. Joao Vedana -> Estr. Joao Passuelo,1934.1,0.6,772889,2025-06-11 00:00:00,18:30:00.0000000,QUARTA-FEIRA,-30.11043013093171,-51.21902078390122,AV VICENTE MONTEGGIA ,ESTR JOAO VEDANA,COLISÃO,0,0,0,0,0,0
P4-S01,Av. da Cavalhada / Av. Nonoai / R. Dr. Campos Velho -> Av. Fabio Araujo Santos,15.7,65.9,772931,2025-05-27 00:00:00,10:44:00.0000000,TERÇA-FEIRA,-30.094834061944347,-51.22523613274098,AV NONOAI ,R DR CAMPOS VELHO,COLISÃO,0,0,0,0,0,0
P4-S01,Av. da Cavalhada / Av. Nonoai / R. Dr. Campos Velho -> Av. Fabio Araujo Santos,51.1,5.0,773037,2025-07-30 00:00:00,19:28:00.0000000,QUARTA-FEIRA,-30.09554417202212,-51.225512015450036,AV VICENTE MONTEGGIA ,AV JOSE CORREA DA SILVA,ABALROAMENTO,1,1,0,1,0,0
P4-S05,Rua Amapa -> Estr. Joao Vedana,1790.8,10.0,773084,2025-06-09 00:00:00,07:49:00.0000000,SEGUNDA-FEIRA,-30.109330025831557,-51.2197882309556,AV VICENTE MONTEGGIA ,,ABALROAMENTO,1,0,0,1,0,0
P4-S05,Rua Amapa -> Estr. Joao Vedana,1763.9,3.2,773137,2025-06-11 00:00:00,17:45:00.0000000,QUARTA-FEIRA,-30.109154228771327,-51.219993934979286,AV VICENTE MONTEGGIA ,,ABALROAMENTO,1,0,0,1,0,0
P4-S07,Estr. Joao Passuelo -> Av. Joao Salomoni / Av. Rodrigues da Fonseca,2895.1,4.8,773264,2025-06-30 00:00:00,06:28:00.0000000,SEGUNDA-FEIRA,-30.115499795233386,-51.21246814727784,AV VICENTE MONTEGGIA ,ESTR JOAO SALOMONI,COLISÃO,0,0,0,1,0,1
P4-S05,Rua Amapa -> Estr. Joao Vedana,1919.3,7.4,773329,2025-08-08 00:00:00,07:20:00.0000000,SEXTA-FEIRA,-30.11028927529204,-51.219056208158676,AV VICENTE MONTEGGIA ,ESTR JOAO VEDANA,ABALROAMENTO,1,1,0,1,0,0
P4-S02,Av. Fabio Araujo Santos -> Av. Otto Niemeyer,582.6,6.2,773456,2025-06-18 00:00:00,16:18:00.0000000,QUARTA-FEIRA,-30.0999413054124,-51.2253249325473,AV VICENTE MONTEGGIA ,,COLISÃO,1,0,0,1,0,0
P4-S06,Estr. Joao Vedana -> Estr. Joao Passuelo,2642.8,6.4,773500,2025-06-18 00:00:00,08:57:00.0000000,QUARTA-FEIRA,-30.1133107066602,-51.2130005657673,AV VICENTE MONTEGGIA ,ESTR JOAO PASSUELO,COLISÃO,0,0,0,1,0,0
P4-S01,Av. da Cavalhada / Av. Nonoai / R. Dr. Campos Velho -> Av. Fabio Araujo Santos,111.3,1.5,773658,2025-06-09 00:00:00,14:15:00.0000000,SEGUNDA-FEIRA,-30.095999305539696,-51.22519254684449,AV VICENTE MONTEGGIA ,,COLISÃO,0,0,0,0,0,0
P4-S01,Av. da Cavalhada / Av. Nonoai / R. Dr. Campos Velho -> Av. Fabio Araujo Santos,35.9,9.6,773745,2025-06-19 00:00:00,19:30:00.0000000,QUINTA-FEIRA,-30.095352079044357,-51.22549025961664,AV VICENTE MONTEGGIA ,,COLISÃO,0,0,0,0,0,0
P4-S02,Av. Fabio Araujo Santos -> Av. Otto Niemeyer,417.8,5.7,773862,2025-06-26 00:00:00,13:50:00.0000000,QUINTA-FEIRA,-30.09851908699022,-51.22523595676548,AV VICENTE MONTEGGIA ,,QUEDA,1,0,0,1,0,0
P4-S06,Estr. Joao Vedana -> Estr. Joao Passuelo,2328.6,7.0,774179,2025-08-20 00:00:00,19:00:00.0000000,QUARTA-FEIRA,-30.112408295691726,-51.21598018622842,AV VICENTE MONTEGGIA ,,ABALROAMENTO,1,1,0,1,0,0
P4-S06,Estr. Joao Vedana -> Estr. Joao Passuelo,2642.4,6.4,774504,2025-07-07 00:00:00,14:15:00.0000000,SEGUNDA-FEIRA,-30.113308386455813,-51.21300324797631,AV VICENTE MONTEGGIA ,ESTR JOAO PASSUELO,ABALROAMENTO,0,0,0,0,0,0
